replicate,N_both,intensive_degree_product_sum
1,58,321
2,46,299
3,49,269
4,60,266
5,48,274
6,51,362
7,46,252
8,46,223
9,51,186
10,49,218
11,54,302
12,52,274
13,59,305
14,41,120
15,50,354
16,57,259
17,51,196
18,56,440
19,49,298
20,49,364
21,50,186
22,43,216
23,44,227
24,51,319
25,49,222
26,55,310
27,45,260
28,49,197
29,50,215
30,45,326
31,55,240
32,48,367
33,43,166
34,49,328
35,47,202
36,63,391
37,56,476
38,57,261
39,51,285
40,61,246
41,62,250
42,51,214
43,47,204
44,50,380
45,47,231
46,53,301
47,51,301
48,52,236
49,48,346
50,57,444
51,56,245
52,43,135
53,50,344
54,55,210
55,52,332
56,47,258
57,50,224
58,50,289
59,52,418
60,43,248
61,51,286
62,52,265
63,49,229
64,48,192
65,51,392
66,48,266
67,48,271
68,53,261
69,50,254
70,51,283
71,57,380
72,53,299
73,53,274
74,54,292
75,46,199
76,43,232
77,54,461
78,47,277
79,53,452
80,47,222
81,51,158
82,52,235
83,55,326
84,47,329
85,53,317
86,50,342
87,49,239
88,50,206
89,53,355
90,51,298
91,48,271
92,53,466
93,46,222
94,51,298
95,53,376
96,46,212
97,46,221
98,51,231
99,48,286
100,56,210
101,55,386
102,49,171
103,51,205
104,53,265
105,49,208
106,63,428
107,48,307
108,51,214
109,49,254
110,62,248
111,61,229
112,55,453
113,41,173
114,42,166
115,58,245
116,52,283
117,49,196
118,51,269
119,52,262
120,56,231
121,39,159
122,48,272
123,53,240
124,51,225
125,42,173
126,62,471
127,60,361
128,51,278
129,53,269
130,48,263
131,49,354
132,50,281
133,51,293
134,37,218
135,53,318
136,46,154
137,45,171
138,62,340
139,58,367
140,50,203
141,46,304
142,55,304
143,48,321
144,50,337
145,52,249
146,54,251
147,49,394
148,53,240
149,52,226
150,57,280
151,33,183
152,44,209
153,50,300
154,52,247
155,64,238
156,52,318
157,43,181
158,48,308
159,58,309
160,54,228
161,57,312
162,38,242
163,49,289
164,54,248
165,54,183
166,48,142
167,45,266
168,58,296
169,50,311
170,47,210
171,52,317
172,49,296
173,47,223
174,63,354
175,53,306
176,55,351
177,53,332
178,50,242
179,53,262
180,50,218
181,56,358
182,44,218
183,51,220
184,46,346
185,49,283
186,53,266
187,61,353
188,55,430
189,53,277
190,49,307
191,55,237
192,52,428
193,55,363
194,46,321
195,47,303
196,50,302
197,43,329
198,53,218
199,55,289
200,45,196
201,53,248
202,50,291
203,46,207
204,54,423
205,50,393
206,44,238
207,44,265
208,55,223
209,44,191
210,51,225
211,48,297
212,50,263
213,57,308
214,57,296
215,47,278
216,44,445
217,51,324
218,41,183
219,41,198
220,57,353
221,50,210
222,52,235
223,49,363
224,52,265
225,54,386
226,49,217
227,41,260
228,46,213
229,53,171
230,47,246
231,54,515
232,46,418
233,51,237
234,60,295
235,44,272
236,51,309
237,48,376
238,57,424
239,58,561
240,51,213
241,47,177
242,57,307
243,56,286
244,56,335
245,62,355
246,50,270
247,49,220
248,55,266
249,44,212
250,47,237
251,47,234
252,53,288
253,51,352
254,50,190
255,47,712
256,48,194
257,48,381
258,43,206
259,63,306
260,58,370
261,55,274
262,52,306
263,52,296
264,48,259
265,61,348
266,60,413
267,56,265
268,56,405
269,56,291
270,60,332
271,51,446
272,48,263
273,53,246
274,51,309
275,53,318
276,59,365
277,45,268
278,52,274
279,54,287
280,58,346
281,46,199
282,51,357
283,51,278
284,59,310
285,42,362
286,57,431
287,48,221
288,52,220
289,49,299
290,50,248
291,52,219
292,44,238
293,42,252
294,48,218
295,41,217
296,47,413
297,67,389
298,55,335
299,51,300
300,53,258
301,48,236
302,56,315
303,55,286
304,44,230
305,63,273
306,57,233
307,51,242
308,40,179
309,54,246
310,56,218
311,43,194
312,41,213
313,47,188
314,60,566
315,54,425
316,47,216
317,55,314
318,59,294
319,54,228
320,55,245
321,53,232
322,38,210
323,46,167
324,50,208
325,54,321
326,49,177
327,45,229
328,46,224
329,59,298
330,58,303
331,44,163
332,55,221
333,60,319
334,50,265
335,49,245
336,44,414
337,51,251
338,43,273
339,49,328
340,51,265
341,49,288
342,46,257
343,55,300
344,50,245
345,48,301
346,47,315
347,48,288
348,58,505
349,41,197
350,57,337
351,49,295
352,58,261
353,45,241
354,45,202
355,57,334
356,45,221
357,53,321
358,55,291
359,53,217
360,56,425
361,52,295
362,54,247
363,49,204
364,54,543
365,51,479
366,55,276
367,47,235
368,52,359
369,55,640
370,49,375
371,39,216
372,52,276
373,53,316
374,54,287
375,56,275
376,56,387
377,48,214
378,48,225
379,48,145
380,54,385
381,49,448
382,53,320
383,45,298
384,55,369
385,47,159
386,57,326
387,61,424
388,55,301
389,48,241
390,48,231
391,67,431
392,50,225
393,57,305
394,56,387
395,57,295
396,50,324
397,60,344
398,44,148
399,54,242
400,53,371
401,56,323
402,47,254
403,43,235
404,46,208
405,47,182
406,52,257
407,45,460
408,56,223
409,50,357
410,51,260
411,51,423
412,45,187
413,52,217
414,51,200
415,56,348
416,60,440
417,51,246
418,50,145
419,42,249
420,55,247
421,46,212
422,57,313
423,48,333
424,46,397
425,56,261
426,46,208
427,47,288
428,57,314
429,50,265
430,51,238
431,54,421
432,48,243
433,47,189
434,51,233
435,52,274
436,51,225
437,49,362
438,46,216
439,43,238
440,54,377
441,50,243
442,47,190
443,52,319
444,49,337
445,38,220
446,45,194
447,47,211
448,59,312
449,44,237
450,59,222
451,55,422
452,40,172
453,55,261
454,46,304
455,53,289
456,57,259
457,50,215
458,49,352
459,52,285
460,43,308
461,44,274
462,49,314
463,49,246
464,56,448
465,59,246
466,52,443
467,37,188
468,54,248
469,49,204
470,44,254
471,47,232
472,54,224
473,57,246
474,50,218
475,60,392
476,51,230
477,59,314
478,56,276
479,44,225
480,43,183
481,45,231
482,49,213
483,54,232
484,45,230
485,58,281
486,52,345
487,49,226
488,43,444
489,41,210
490,49,193
491,53,277
492,53,386
493,51,339
494,54,278
495,48,244
496,49,180
497,50,301
498,46,240
499,52,232
500,48,203
501,65,588
502,50,261
503,59,300
504,47,249
505,47,218
506,45,397
507,52,224
508,56,307
509,51,337
510,55,303
511,54,287
512,57,383
513,47,251
514,56,316
515,60,319
516,45,329
517,46,175
518,54,314
519,43,229
520,40,185
521,55,321
522,44,217
523,54,318
524,57,380
525,54,253
526,50,280
527,54,259
528,58,426
529,46,501
530,52,258
531,52,280
532,48,237
533,49,352
534,59,334
535,52,249
536,56,395
537,48,251
538,53,513
539,46,243
540,51,230
541,62,329
542,62,368
543,50,544
544,37,138
545,54,237
546,46,212
547,66,506
548,46,313
549,51,207
550,44,146
551,53,289
552,43,178
553,57,241
554,52,296
555,53,180
556,49,326
557,46,201
558,60,318
559,53,298
560,53,275
561,49,236
562,59,224
563,53,384
564,39,167
565,53,447
566,51,209
567,45,273
568,58,344
569,55,260
570,49,243
571,54,213
572,46,299
573,46,202
574,41,244
575,47,272
576,51,203
577,60,469
578,45,191
579,45,195
580,53,263
581,48,184
582,54,265
583,49,269
584,44,188
585,51,221
586,46,232
587,49,273
588,45,353
589,52,311
590,47,194
591,53,202
592,56,286
593,43,198
594,53,355
595,60,296
596,56,247
597,47,232
598,52,378
599,52,287
600,56,271
601,49,203
602,47,204
603,49,280
604,54,267
605,56,296
606,45,446
607,51,346
608,54,345
609,49,215
610,63,451
611,56,329
612,52,228
613,51,305
614,44,264
615,52,305
616,41,215
617,49,324
618,55,335
619,60,254
620,49,247
621,51,272
622,55,302
623,56,214
624,57,295
625,51,218
626,46,269
627,46,263
628,59,313
629,60,208
630,46,258
631,57,297
632,38,125
633,57,246
634,62,304
635,54,274
636,44,212
637,64,395
638,44,194
639,53,270
640,52,263
641,48,237
642,48,271
643,61,331
644,51,286
645,52,408
646,51,271
647,55,277
648,39,155
649,59,487
650,56,417
651,59,276
652,47,341
653,52,227
654,50,361
655,54,358
656,51,286
657,49,299
658,47,360
659,54,276
660,55,355
661,50,363
662,45,354
663,49,228
664,50,244
665,52,196
666,54,426
667,40,222
668,57,242
669,52,415
670,45,235
671,48,200
672,54,283
673,50,283
674,41,184
675,49,326
676,55,215
677,56,319
678,43,144
679,53,337
680,62,417
681,47,306
682,50,232
683,52,254
684,59,551
685,51,274
686,46,210
687,52,384
688,60,383
689,48,318
690,48,224
691,53,302
692,43,179
693,54,266
694,61,459
695,46,181
696,42,261
697,54,350
698,57,301
699,59,295
700,48,229
701,48,368
702,42,236
703,54,230
704,61,315
705,51,279
706,43,269
707,48,252
708,41,230
709,57,350
710,47,225
711,62,345
712,53,311
713,53,351
714,42,179
715,55,346
716,51,255
717,50,231
718,47,326
719,56,224
720,50,334
721,56,268
722,52,235
723,51,203
724,45,200
725,48,237
726,57,266
727,47,230
728,47,214
729,43,386
730,51,263
731,55,228
732,53,410
733,55,216
734,62,304
735,40,253
736,52,238
737,58,308
738,48,321
739,43,405
740,43,165
741,50,232
742,62,373
743,52,243
744,53,285
745,53,502
746,45,188
747,35,212
748,45,236
749,48,227
750,53,261
751,53,247
752,59,250
753,45,397
754,50,238
755,53,300
756,44,270
757,49,204
758,48,338
759,45,329
760,57,235
761,53,219
762,55,373
763,55,319
764,46,209
765,51,216
766,50,305
767,44,171
768,50,363
769,48,198
770,49,235
771,47,181
772,39,293
773,45,295
774,47,285
775,54,266
776,46,187
777,50,350
778,50,275
779,59,224
780,50,358
781,53,262
782,52,295
783,52,258
784,47,225
785,46,226
786,54,289
787,62,323
788,42,285
789,59,347
790,47,214
791,51,349
792,53,199
793,50,281
794,49,324
795,44,303
796,55,277
797,54,398
798,44,301
799,52,207
800,47,353
801,57,306
802,42,231
803,57,364
804,49,281
805,51,238
806,54,284
807,59,511
808,53,258
809,52,215
810,47,426
811,57,283
812,53,356
813,39,184
814,47,229
815,53,206
816,50,249
817,50,292
818,49,196
819,44,216
820,50,259
821,50,220
822,52,237
823,47,328
824,53,356
825,61,250
826,43,284
827,54,316
828,55,282
829,49,184
830,53,194
831,49,261
832,59,298
833,51,346
834,53,263
835,47,223
836,45,183
837,52,233
838,48,257
839,48,284
840,50,295
841,48,219
842,39,164
843,44,170
844,48,160
845,45,230
846,52,223
847,52,215
848,47,227
849,56,282
850,56,298
851,61,363
852,49,310
853,54,245
854,49,312
855,46,237
856,56,310
857,55,261
858,56,299
859,54,272
860,53,386
861,50,223
862,49,273
863,58,277
864,55,287
865,47,243
866,47,246
867,52,333
868,53,269
869,60,319
870,68,250
871,54,352
872,50,294
873,46,213
874,55,269
875,54,381
876,49,201
877,50,342
878,50,279
879,45,279
880,53,341
881,53,256
882,55,411
883,48,148
884,44,169
885,48,222
886,50,244
887,48,228
888,51,272
889,51,270
890,45,288
891,45,232
892,41,299
893,43,178
894,51,225
895,44,274
896,46,237
897,54,409
898,47,215
899,46,339
900,51,270
901,47,375
902,63,320
903,50,230
904,41,407
905,41,176
906,54,440
907,56,219
908,51,268
909,56,245
910,55,248
911,59,348
912,51,249
913,59,242
914,50,409
915,53,273
916,50,296
917,43,147
918,45,174
919,51,235
920,47,502
921,41,217
922,57,310
923,51,231
924,60,306
925,54,219
926,54,281
927,57,210
928,53,210
929,45,287
930,45,320
931,50,322
932,52,354
933,45,408
934,50,343
935,45,215
936,63,291
937,38,173
938,50,269
939,55,236
940,54,216
941,52,186
942,56,440
943,40,181
944,48,235
945,45,270
946,42,227
947,52,253
948,51,259
949,57,258
950,46,245
951,52,284
952,55,258
953,44,189
954,51,225
955,50,348
956,55,380
957,52,370
958,51,332
959,51,414
960,51,175
961,51,408
962,60,296
963,47,680
964,54,412
965,56,298
966,49,278
967,46,351
968,39,238
969,44,146
970,62,269
971,43,318
972,49,210
973,49,241
974,45,233
975,47,383
976,50,258
977,52,284
978,48,214
979,60,321
980,50,242
981,53,247
982,52,324
983,54,247
984,57,319
985,51,243
986,50,282
987,56,292
988,58,544
989,57,334
990,42,253
991,47,203
992,54,340
993,52,236
994,52,224
995,56,303
996,50,356
997,49,199
998,46,229
999,59,383
1000,41,162
1001,48,369
1002,48,340
1003,48,214
1004,61,277
1005,55,322
1006,57,259
1007,50,409
1008,50,170
1009,51,321
1010,65,394
1011,64,493
1012,51,321
1013,44,355
1014,50,245
1015,61,276
1016,56,351
1017,49,370
1018,47,279
1019,40,364
1020,57,358
1021,40,210
1022,45,213
1023,48,245
1024,50,340
1025,49,247
1026,43,286
1027,51,230
1028,50,353
1029,51,271
1030,48,225
1031,48,205
1032,46,226
1033,51,416
1034,41,227
1035,51,343
1036,45,342
1037,46,284
1038,50,226
1039,49,445
1040,44,273
1041,47,194
1042,57,356
1043,56,516
1044,53,227
1045,45,348
1046,57,379
1047,49,256
1048,57,248
1049,61,264
1050,61,453
1051,45,283
1052,49,278
1053,48,236
1054,60,277
1055,49,230
1056,51,341
1057,50,316
1058,52,302
1059,55,302
1060,47,217
1061,44,175
1062,53,227
1063,42,217
1064,60,370
1065,59,250
1066,49,397
1067,52,304
1068,37,228
1069,50,180
1070,47,296
1071,44,348
1072,46,299
1073,41,266
1074,61,328
1075,61,263
1076,53,266
1077,61,410
1078,49,237
1079,53,279
1080,45,290
1081,57,309
1082,54,325
1083,46,211
1084,52,347
1085,50,278
1086,50,228
1087,47,194
1088,50,333
1089,57,339
1090,52,200
1091,58,318
1092,44,178
1093,56,250
1094,54,292
1095,54,305
1096,38,193
1097,54,214
1098,38,185
1099,47,297
1100,58,334
1101,46,216
1102,51,266
1103,43,249
1104,57,310
1105,44,255
1106,52,287
1107,50,186
1108,53,222
1109,53,248
1110,58,332
1111,55,287
1112,48,302
1113,56,257
1114,43,173
1115,51,237
1116,55,365
1117,57,279
1118,41,307
1119,53,226
1120,42,365
1121,42,225
1122,45,188
1123,51,374
1124,46,165
1125,48,266
1126,57,284
1127,59,532
1128,54,240
1129,55,347
1130,48,259
1131,64,283
1132,47,247
1133,48,214
1134,44,520
1135,52,395
1136,45,243
1137,53,330
1138,48,391
1139,54,248
1140,53,349
1141,50,205
1142,54,345
1143,58,347
1144,50,366
1145,51,189
1146,47,286
1147,58,314
1148,58,247
1149,53,326
1150,38,162
1151,51,273
1152,43,200
1153,57,262
1154,53,358
1155,55,338
1156,53,506
1157,59,241
1158,52,433
1159,48,277
1160,58,321
1161,38,196
1162,44,161
1163,54,310
1164,51,243
1165,53,357
1166,48,262
1167,42,236
1168,61,563
1169,54,304
1170,43,295
1171,54,362
1172,40,184
1173,46,275
1174,51,214
1175,47,236
1176,57,421
1177,53,297
1178,58,271
1179,53,315
1180,63,355
1181,53,271
1182,52,273
1183,48,211
1184,56,355
1185,50,194
1186,46,249
1187,52,270
1188,54,313
1189,45,220
1190,49,253
1191,49,298
1192,37,199
1193,39,227
1194,50,290
1195,49,277
1196,51,304
1197,50,256
1198,44,455
1199,53,240
1200,54,243
1201,54,226
1202,54,214
1203,51,204
1204,59,400
1205,49,261
1206,50,254
1207,59,286
1208,58,232
1209,52,234
1210,53,374
1211,56,255
1212,48,346
1213,61,341
1214,47,180
1215,47,186
1216,51,327
1217,45,229
1218,48,315
1219,50,281
1220,47,326
1221,52,245
1222,50,277
1223,56,219
1224,48,237
1225,48,260
1226,52,210
1227,43,257
1228,49,325
1229,51,306
1230,40,241
1231,50,258
1232,54,236
1233,54,302
1234,48,332
1235,42,201
1236,45,275
1237,46,283
1238,49,232
1239,47,230
1240,50,300
1241,55,297
1242,59,269
1243,55,283
1244,41,164
1245,43,250
1246,48,220
1247,60,372
1248,50,328
1249,49,188
1250,45,312
1251,54,315
1252,51,182
1253,62,338
1254,55,323
1255,47,179
1256,45,671
1257,58,312
1258,52,649
1259,53,283
1260,54,334
1261,47,290
1262,52,261
1263,52,320
1264,53,187
1265,45,308
1266,44,368
1267,55,225
1268,46,168
1269,64,482
1270,47,337
1271,57,316
1272,52,326
1273,49,273
1274,57,322
1275,50,253
1276,48,184
1277,48,227
1278,40,250
1279,50,289
1280,49,208
1281,55,535
1282,49,194
1283,47,270
1284,59,325
1285,57,318
1286,43,151
1287,55,214
1288,59,306
1289,54,265
1290,52,352
1291,62,353
1292,64,325
1293,39,218
1294,53,230
1295,56,213
1296,48,173
1297,52,317
1298,45,283
1299,47,395
1300,47,266
1301,56,272
1302,61,400
1303,47,268
1304,55,250
1305,55,726
1306,45,179
1307,53,347
1308,47,293
1309,52,346
1310,48,534
1311,52,197
1312,56,336
1313,53,186
1314,56,338
1315,49,450
1316,51,198
1317,51,459
1318,51,255
1319,57,271
1320,53,232
1321,50,280
1322,46,203
1323,44,181
1324,46,248
1325,56,292
1326,48,219
1327,46,237
1328,51,269
1329,64,283
1330,44,201
1331,57,483
1332,53,247
1333,51,374
1334,50,375
1335,46,296
1336,49,375
1337,47,210
1338,45,224
1339,57,257
1340,55,344
1341,55,451
1342,49,203
1343,53,247
1344,51,257
1345,50,385
1346,54,321
1347,49,234
1348,54,295
1349,48,314
1350,62,284
1351,49,290
1352,46,291
1353,57,265
1354,51,240
1355,49,297
1356,40,241
1357,58,336
1358,48,224
1359,41,182
1360,55,264
1361,53,346
1362,49,312
1363,51,374
1364,45,239
1365,48,171
1366,53,203
1367,57,239
1368,56,390
1369,57,287
1370,58,306
1371,44,183
1372,50,239
1373,45,295
1374,52,217
1375,56,361
1376,58,233
1377,55,252
1378,50,255
1379,44,293
1380,52,300
1381,57,460
1382,47,287
1383,51,410
1384,63,233
1385,54,230
1386,44,266
1387,60,225
1388,51,274
1389,50,231
1390,50,323
1391,50,216
1392,55,316
1393,65,440
1394,48,253
1395,57,293
1396,46,238
1397,54,279
1398,51,342
1399,48,251
1400,53,245
1401,58,294
1402,51,264
1403,56,272
1404,51,216
1405,47,273
1406,51,239
1407,48,408
1408,50,257
1409,55,240
1410,44,284
1411,50,326
1412,54,419
1413,46,212
1414,49,257
1415,48,404
1416,53,267
1417,49,405
1418,55,327
1419,54,284
1420,43,360
1421,51,371
1422,46,384
1423,40,208
1424,55,254
1425,52,191
1426,37,235
1427,50,314
1428,49,171
1429,53,601
1430,53,348
1431,46,198
1432,57,293
1433,56,246
1434,47,226
1435,46,272
1436,47,285
1437,37,139
1438,46,186
1439,46,283
1440,63,354
1441,48,187
1442,54,263
1443,57,370
1444,48,296
1445,53,362
1446,45,266
1447,58,311
1448,52,324
1449,45,164
1450,54,381
1451,49,324
1452,47,236
1453,50,297
1454,51,319
1455,52,151
1456,56,250
1457,47,252
1458,58,310
1459,46,238
1460,47,161
1461,49,328
1462,44,238
1463,41,325
1464,58,338
1465,56,304
1466,46,218
1467,45,226
1468,50,213
1469,50,360
1470,47,313
1471,62,349
1472,47,205
1473,56,299
1474,51,298
1475,54,254
1476,57,324
1477,52,326
1478,59,367
1479,58,439
1480,59,242
1481,45,271
1482,50,184
1483,52,289
1484,43,134
1485,56,383
1486,52,341
1487,52,231
1488,54,280
1489,47,170
1490,54,355
1491,46,254
1492,50,285
1493,57,309
1494,53,296
1495,48,240
1496,56,449
1497,55,713
1498,60,341
1499,56,274
1500,54,320
1501,48,240
1502,43,252
1503,46,365
1504,48,237
1505,53,217
1506,56,221
1507,55,287
1508,51,232
1509,44,153
1510,57,335
1511,61,367
1512,44,219
1513,52,339
1514,56,262
1515,48,334
1516,49,205
1517,57,392
1518,50,351
1519,47,205
1520,60,393
1521,50,180
1522,61,381
1523,54,271
1524,58,293
1525,44,166
1526,51,222
1527,49,264
1528,47,203
1529,48,198
1530,66,365
1531,46,266
1532,46,230
1533,60,576
1534,49,229
1535,52,275
1536,40,291
1537,52,233
1538,43,353
1539,45,179
1540,59,293
1541,60,404
1542,58,393
1543,50,411
1544,49,196
1545,48,208
1546,57,294
1547,46,303
1548,55,239
1549,43,168
1550,50,373
1551,50,333
1552,56,217
1553,48,226
1554,49,171
1555,54,270
1556,51,262
1557,41,268
1558,59,226
1559,50,249
1560,48,184
1561,45,237
1562,60,481
1563,47,290
1564,47,320
1565,54,464
1566,44,310
1567,52,319
1568,45,248
1569,46,246
1570,59,312
1571,54,298
1572,52,333
1573,48,299
1574,47,217
1575,51,233
1576,60,325
1577,51,185
1578,46,478
1579,46,313
1580,43,277
1581,52,291
1582,48,243
1583,53,208
1584,57,327
1585,55,267
1586,48,308
1587,40,262
1588,52,544
1589,44,191
1590,48,270
1591,41,158
1592,46,317
1593,55,435
1594,43,277
1595,60,374
1596,52,364
1597,42,204
1598,52,602
1599,47,401
1600,50,359
1601,51,333
1602,52,218
1603,59,334
1604,49,240
1605,58,302
1606,47,234
1607,52,354
1608,51,245
1609,56,332
1610,49,237
1611,51,211
1612,47,152
1613,52,259
1614,46,258
1615,51,252
1616,44,238
1617,49,230
1618,54,190
1619,45,240
1620,54,294
1621,47,249
1622,58,257
1623,59,428
1624,51,232
1625,59,313
1626,45,255
1627,51,231
1628,53,199
1629,60,412
1630,48,166
1631,54,351
1632,52,245
1633,50,213
1634,37,199
1635,60,523
1636,52,219
1637,45,237
1638,59,461
1639,56,251
1640,52,367
1641,47,462
1642,57,230
1643,42,241
1644,47,168
1645,55,268
1646,59,328
1647,50,223
1648,49,324
1649,52,284
1650,50,261
1651,35,161
1652,57,418
1653,40,239
1654,42,242
1655,49,336
1656,49,197
1657,46,197
1658,53,293
1659,50,208
1660,55,296
1661,48,244
1662,51,304
1663,56,309
1664,49,238
1665,58,270
1666,54,247
1667,51,218
1668,44,268
1669,55,337
1670,58,270
1671,46,336
1672,48,437
1673,68,374
1674,53,266
1675,47,213
1676,46,236
1677,53,340
1678,56,250
1679,44,199
1680,58,407
1681,52,273
1682,55,279
1683,53,340
1684,46,302
1685,45,252
1686,56,265
1687,57,357
1688,47,266
1689,53,256
1690,49,213
1691,45,168
1692,57,325
1693,52,217
1694,49,252
1695,48,308
1696,54,326
1697,59,292
1698,57,340
1699,51,288
1700,56,257
1701,48,303
1702,52,196
1703,58,241
1704,52,304
1705,56,327
1706,64,330
1707,59,315
1708,52,244
1709,50,213
1710,52,220
1711,53,230
1712,57,247
1713,51,261
1714,57,249
1715,52,302
1716,48,211
1717,58,387
1718,53,280
1719,44,207
1720,49,287
1721,52,294
1722,49,303
1723,53,241
1724,39,154
1725,58,293
1726,43,185
1727,55,361
1728,54,267
1729,56,295
1730,49,332
1731,54,409
1732,49,321
1733,49,268
1734,54,335
1735,49,302
1736,49,287
1737,47,243
1738,47,328
1739,51,275
1740,55,348
1741,41,199
1742,50,458
1743,47,268
1744,51,272
1745,48,385
1746,42,270
1747,47,213
1748,51,330
1749,46,209
1750,48,197
1751,56,315
1752,44,193
1753,47,271
1754,44,230
1755,55,350
1756,41,208
1757,50,369
1758,36,103
1759,55,369
1760,50,321
1761,53,196
1762,54,420
1763,51,254
1764,58,379
1765,52,341
1766,52,314
1767,46,248
1768,55,400
1769,48,259
1770,52,258
1771,49,292
1772,56,314
1773,52,279
1774,50,333
1775,51,285
1776,55,254
1777,54,473
1778,54,430
1779,43,308
1780,49,378
1781,53,280
1782,46,282
1783,52,234
1784,47,277
1785,52,213
1786,55,383
1787,50,427
1788,43,441
1789,49,223
1790,47,223
1791,47,272
1792,61,292
1793,57,268
1794,52,314
1795,55,352
1796,52,321
1797,52,259
1798,57,231
1799,40,203
1800,63,356
1801,59,257
1802,54,441
1803,51,214
1804,54,271
1805,56,251
1806,50,303
1807,53,310
1808,45,204
1809,44,212
1810,49,196
1811,43,208
1812,59,405
1813,46,234
1814,50,301
1815,64,465
1816,57,225
1817,49,293
1818,44,309
1819,44,381
1820,50,325
1821,53,512
1822,44,247
1823,46,290
1824,44,204
1825,44,225
1826,57,266
1827,53,316
1828,48,262
1829,57,231
1830,49,267
1831,48,257
1832,53,246
1833,39,179
1834,45,231
1835,55,228
1836,50,192
1837,49,324
1838,51,278
1839,51,205
1840,59,270
1841,50,360
1842,42,240
1843,52,425
1844,52,280
1845,40,182
1846,56,354
1847,47,225
1848,56,267
1849,49,297
1850,47,234
1851,61,479
1852,57,320
1853,51,258
1854,62,305
1855,44,342
1856,47,252
1857,50,320
1858,51,309
1859,54,410
1860,45,195
1861,64,322
1862,52,234
1863,43,187
1864,56,373
1865,49,232
1866,48,370
1867,54,300
1868,44,181
1869,51,298
1870,54,401
1871,49,189
1872,60,801
1873,48,243
1874,49,233
1875,52,379
1876,43,241
1877,49,199
1878,42,367
1879,55,360
1880,64,309
1881,47,243
1882,43,181
1883,63,338
1884,46,210
1885,49,211
1886,48,302
1887,45,225
1888,47,318
1889,54,357
1890,45,226
1891,51,245
1892,50,255
1893,58,241
1894,50,279
1895,49,238
1896,45,174
1897,52,254
1898,47,462
1899,47,184
1900,63,458
1901,51,282
1902,45,233
1903,54,296
1904,57,565
1905,44,157
1906,52,407
1907,48,212
1908,51,297
1909,51,245
1910,48,336
1911,45,163
1912,49,228
1913,51,288
1914,61,369
1915,52,216
1916,47,264
1917,47,205
1918,54,288
1919,49,205
1920,55,258
1921,55,348
1922,50,235
1923,44,212
1924,50,254
1925,51,266
1926,57,277
1927,56,254
1928,54,285
1929,40,178
1930,57,405
1931,53,218
1932,50,230
1933,46,210
1934,45,187
1935,46,289
1936,61,252
1937,48,274
1938,58,374
1939,54,262
1940,37,197
1941,51,286
1942,62,281
1943,54,339
1944,56,240
1945,54,374
1946,39,208
1947,48,245
1948,55,312
1949,42,236
1950,45,246
1951,59,432
1952,44,215
1953,42,319
1954,50,149
1955,64,357
1956,44,234
1957,61,226
1958,50,224
1959,56,248
1960,49,388
1961,55,209
1962,53,534
1963,47,231
1964,61,336
1965,46,239
1966,55,332
1967,44,298
1968,57,432
1969,42,227
1970,51,286
1971,57,262
1972,58,247
1973,49,380
1974,52,323
1975,53,227
1976,42,223
1977,52,269
1978,45,244
1979,54,238
1980,53,285
1981,45,209
1982,41,315
1983,41,197
1984,51,442
1985,46,192
1986,57,252
1987,44,214
1988,53,219
1989,49,265
1990,45,151
1991,55,221
1992,49,250
1993,53,463
1994,51,229
1995,51,249
1996,42,232
1997,55,419
1998,44,222
1999,58,356
2000,47,211
2001,47,278
2002,54,312
2003,56,331
2004,45,217
2005,54,352
2006,52,270
2007,47,248
2008,50,251
2009,37,160
2010,46,206
2011,64,328
2012,52,173
2013,56,230
2014,55,323
2015,53,331
2016,49,384
2017,58,290
2018,57,304
2019,49,266
2020,44,234
2021,52,203
2022,49,306
2023,54,402
2024,55,270
2025,64,263
2026,50,266
2027,52,296
2028,43,381
2029,59,266
2030,52,333
2031,42,177
2032,63,284
2033,55,266
2034,48,177
2035,46,308
2036,54,396
2037,56,252
2038,37,173
2039,58,275
2040,58,379
2041,48,262
2042,42,173
2043,60,378
2044,37,207
2045,52,214
2046,49,273
2047,58,329
2048,48,197
2049,50,275
2050,44,311
2051,48,352
2052,55,461
2053,50,539
2054,61,332
2055,61,255
2056,53,250
2057,48,254
2058,59,306
2059,54,366
2060,54,239
2061,54,250
2062,48,313
2063,53,317
2064,51,264
2065,50,313
2066,56,473
2067,54,257
2068,51,203
2069,43,226
2070,44,260
2071,47,214
2072,52,199
2073,51,273
2074,46,215
2075,51,511
2076,52,366
2077,49,270
2078,48,245
2079,42,155
2080,52,246
2081,55,436
2082,57,524
2083,44,252
2084,51,272
2085,45,195
2086,53,268
2087,56,308
2088,42,179
2089,57,278
2090,50,216
2091,61,301
2092,54,320
2093,49,217
2094,48,218
2095,46,165
2096,46,485
2097,45,417
2098,49,240
2099,50,274
2100,53,257
2101,45,168
2102,49,212
2103,59,304
2104,56,217
2105,50,190
2106,46,255
2107,61,367
2108,58,341
2109,49,422
2110,54,303
2111,50,235
2112,55,260
2113,49,259
2114,52,333
2115,49,160
2116,55,295
2117,51,365
2118,48,284
2119,50,259
2120,57,272
2121,58,249
2122,56,274
2123,45,265
2124,48,172
2125,48,216
2126,45,227
2127,49,320
2128,60,280
2129,36,173
2130,50,451
2131,48,300
2132,55,247
2133,54,315
2134,46,199
2135,51,303
2136,49,231
2137,56,356
2138,47,180
2139,65,459
2140,49,241
2141,47,192
2142,50,221
2143,47,258
2144,59,258
2145,48,345
2146,52,218
2147,49,345
2148,47,202
2149,52,296
2150,46,216
2151,53,223
2152,50,239
2153,37,179
2154,47,298
2155,47,231
2156,51,354
2157,48,378
2158,44,303
2159,59,287
2160,37,198
2161,57,354
2162,58,392
2163,46,287
2164,57,367
2165,51,381
2166,45,192
2167,36,160
2168,49,237
2169,52,220
2170,59,436
2171,50,175
2172,53,180
2173,47,200
2174,54,317
2175,52,217
2176,54,246
2177,59,273
2178,52,342
2179,38,159
2180,49,298
2181,51,245
2182,44,219
2183,49,304
2184,52,337
2185,49,244
2186,51,307
2187,54,408
2188,49,243
2189,53,378
2190,52,279
2191,32,193
2192,51,289
2193,49,253
2194,59,292
2195,50,286
2196,47,246
2197,53,436
2198,49,258
2199,62,347
2200,51,308
2201,52,378
2202,51,229
2203,57,217
2204,49,210
2205,47,281
2206,50,238
2207,58,244
2208,50,364
2209,68,375
2210,57,259
2211,42,200
2212,43,245
2213,52,241
2214,58,399
2215,44,252
2216,63,349
2217,44,240
2218,52,202
2219,48,250
2220,58,287
2221,42,206
2222,58,290
2223,61,274
2224,44,143
2225,52,276
2226,59,668
2227,57,427
2228,53,216
2229,51,339
2230,58,280
2231,45,240
2232,48,165
2233,62,401
2234,48,292
2235,57,304
2236,56,234
2237,45,266
2238,53,346
2239,54,401
2240,61,365
2241,57,336
2242,53,253
2243,49,273
2244,53,287
2245,61,329
2246,51,291
2247,55,317
2248,51,307
2249,49,195
2250,52,306
2251,58,318
2252,49,501
2253,43,244
2254,55,298
2255,56,226
2256,59,269
2257,50,286
2258,48,213
2259,53,282
2260,55,278
2261,48,224
2262,45,248
2263,46,337
2264,53,250
2265,57,424
2266,57,230
2267,54,357
2268,47,203
2269,54,240
2270,40,219
2271,51,256
2272,53,175
2273,49,286
2274,51,268
2275,59,263
2276,65,341
2277,45,149
2278,52,342
2279,52,266
2280,53,282
2281,57,278
2282,44,279
2283,59,243
2284,45,259
2285,44,247
2286,51,204
2287,43,215
2288,51,234
2289,50,300
2290,54,319
2291,47,266
2292,63,377
2293,48,149
2294,50,251
2295,48,228
2296,60,318
2297,59,295
2298,54,266
2299,47,291
2300,52,294
2301,54,387
2302,53,233
2303,49,247
2304,46,356
2305,58,274
2306,56,223
2307,54,278
2308,55,234
2309,55,228
2310,45,168
2311,53,429
2312,45,262
2313,51,238
2314,53,307
2315,51,250
2316,53,314
2317,45,324
2318,55,490
2319,64,315
2320,58,386
2321,57,258
2322,62,535
2323,48,209
2324,55,388
2325,49,215
2326,47,218
2327,44,237
2328,56,408
2329,45,171
2330,47,174
2331,41,151
2332,54,286
2333,54,264
2334,43,244
2335,52,249
2336,60,338
2337,55,259
2338,54,289
2339,45,238
2340,59,288
2341,59,358
2342,56,266
2343,56,301
2344,43,337
2345,52,259
2346,60,308
2347,53,244
2348,65,265
2349,52,322
2350,40,132
2351,54,300
2352,44,154
2353,44,219
2354,60,300
2355,52,234
2356,56,258
2357,48,261
2358,45,300
2359,48,227
2360,45,344
2361,50,247
2362,50,316
2363,49,211
2364,48,265
2365,46,167
2366,51,291
2367,44,157
2368,53,207
2369,54,214
2370,40,178
2371,62,341
2372,55,324
2373,50,273
2374,48,359
2375,41,303
2376,43,176
2377,46,242
2378,48,211
2379,54,351
2380,58,304
2381,56,350
2382,54,280
2383,49,365
2384,50,270
2385,51,227
2386,56,220
2387,41,170
2388,58,274
2389,46,232
2390,54,421
2391,46,446
2392,49,208
2393,54,239
2394,49,255
2395,47,286
2396,52,299
2397,59,268
2398,64,352
2399,52,246
2400,56,306
2401,51,272
2402,55,261
2403,53,423
2404,48,191
2405,43,278
2406,53,282
2407,50,371
2408,43,232
2409,56,322
2410,47,274
2411,47,229
2412,53,314
2413,53,278
2414,54,338
2415,57,222
2416,60,350
2417,54,197
2418,59,330
2419,54,251
2420,52,395
2421,47,337
2422,59,519
2423,59,527
2424,44,174
2425,53,376
2426,50,323
2427,55,325
2428,53,431
2429,48,253
2430,51,226
2431,55,239
2432,48,237
2433,49,240
2434,59,321
2435,52,494
2436,48,238
2437,49,225
2438,50,206
2439,65,633
2440,43,175
2441,45,288
2442,45,226
2443,46,338
2444,57,364
2445,43,269
2446,51,311
2447,51,247
2448,58,238
2449,56,227
2450,46,210
2451,55,496
2452,54,257
2453,52,367
2454,49,202
2455,47,166
2456,51,261
2457,52,259
2458,50,205
2459,71,531
2460,51,266
2461,57,283
2462,51,304
2463,58,368
2464,53,280
2465,44,231
2466,49,190
2467,47,236
2468,44,169
2469,48,185
2470,53,405
2471,60,358
2472,57,266
2473,56,281
2474,59,409
2475,58,348
2476,52,316
2477,45,260
2478,41,156
2479,55,273
2480,51,335
2481,55,260
2482,44,215
2483,47,248
2484,54,225
2485,47,285
2486,57,306
2487,46,222
2488,49,221
2489,39,152
2490,52,224
2491,45,330
2492,58,238
2493,55,358
2494,49,305
2495,49,246
2496,59,334
2497,50,413
2498,52,327
2499,49,212
2500,46,243
2501,52,311
2502,57,254
2503,53,292
2504,56,310
2505,50,195
2506,60,313
2507,61,266
2508,46,216
2509,42,214
2510,55,284
2511,46,213
2512,43,201
2513,57,310
2514,55,267
2515,49,348
2516,54,276
2517,56,418
2518,51,250
2519,67,306
2520,58,246
2521,53,311
2522,52,252
2523,55,240
2524,53,306
2525,56,383
2526,55,319
2527,45,292
2528,54,302
2529,44,164
2530,52,694
2531,52,253
2532,45,198
2533,54,391
2534,56,557
2535,55,303
2536,39,388
2537,45,159
2538,42,156
2539,58,370
2540,45,178
2541,48,265
2542,60,294
2543,57,495
2544,43,218
2545,59,391
2546,52,281
2547,51,286
2548,54,251
2549,43,217
2550,53,268
2551,58,250
2552,55,323
2553,54,362
2554,51,255
2555,52,275
2556,45,345
2557,49,243
2558,55,706
2559,55,373
2560,51,262
2561,41,186
2562,63,287
2563,48,258
2564,52,520
2565,50,207
2566,55,355
2567,49,265
2568,53,267
2569,64,284
2570,53,325
2571,62,363
2572,47,278
2573,55,237
2574,51,461
2575,41,255
2576,52,320
2577,43,226
2578,49,253
2579,49,365
2580,53,421
2581,37,198
2582,44,171
2583,54,214
2584,42,399
2585,51,206
2586,61,336
2587,45,272
2588,42,168
2589,51,290
2590,49,238
2591,52,399
2592,48,254
2593,49,298
2594,49,309
2595,43,203
2596,48,235
2597,55,288
2598,63,502
2599,48,388
2600,39,188
2601,64,575
2602,63,470
2603,45,219
2604,65,387
2605,47,246
2606,49,215
2607,51,387
2608,55,320
2609,50,233
2610,43,198
2611,53,211
2612,50,214
2613,42,264
2614,51,225
2615,63,296
2616,54,338
2617,52,217
2618,59,286
2619,66,566
2620,58,447
2621,58,331
2622,44,255
2623,51,371
2624,55,419
2625,55,273
2626,41,215
2627,49,194
2628,56,280
2629,45,270
2630,51,343
2631,54,267
2632,53,316
2633,39,242
2634,48,238
2635,58,371
2636,44,232
2637,52,227
2638,44,190
2639,45,324
2640,43,187
2641,44,163
2642,54,438
2643,50,219
2644,47,221
2645,54,354
2646,44,262
2647,54,310
2648,40,316
2649,50,210
2650,53,290
2651,43,278
2652,55,269
2653,56,353
2654,39,211
2655,45,206
2656,48,187
2657,50,209
2658,49,316
2659,41,271
2660,46,209
2661,44,306
2662,59,275
2663,47,270
2664,57,250
2665,46,269
2666,51,269
2667,59,255
2668,54,361
2669,54,305
2670,62,324
2671,55,240
2672,52,311
2673,54,225
2674,67,453
2675,51,297
2676,52,365
2677,51,321
2678,47,379
2679,59,254
2680,41,253
2681,51,241
2682,54,290
2683,60,327
2684,55,272
2685,45,216
2686,40,221
2687,52,283
2688,49,221
2689,49,257
2690,49,349
2691,57,386
2692,57,461
2693,56,248
2694,49,254
2695,59,322
2696,46,192
2697,58,290
2698,49,373
2699,52,220
2700,46,205
2701,54,236
2702,62,314
2703,47,169
2704,45,260
2705,47,235
2706,53,214
2707,51,417
2708,53,376
2709,53,302
2710,57,348
2711,60,298
2712,62,253
2713,53,406
2714,54,242
2715,55,348
2716,63,263
2717,49,333
2718,55,257
2719,51,195
2720,56,300
2721,46,216
2722,52,284
2723,41,229
2724,48,310
2725,35,394
2726,53,271
2727,37,185
2728,54,319
2729,48,183
2730,44,382
2731,44,191
2732,50,275
2733,47,396
2734,52,351
2735,37,215
2736,48,292
2737,57,282
2738,47,136
2739,48,213
2740,49,494
2741,45,276
2742,56,224
2743,54,268
2744,54,344
2745,53,365
2746,52,295
2747,41,177
2748,52,414
2749,44,284
2750,45,237
2751,51,327
2752,55,293
2753,52,350
2754,51,245
2755,57,256
2756,52,280
2757,60,302
2758,49,237
2759,41,355
2760,55,215
2761,54,287
2762,50,334
2763,48,308
2764,53,395
2765,53,363
2766,38,204
2767,50,274
2768,53,274
2769,51,226
2770,49,303
2771,51,216
2772,52,284
2773,56,247
2774,42,266
2775,54,356
2776,41,158
2777,58,266
2778,38,151
2779,47,254
2780,44,194
2781,59,269
2782,48,217
2783,57,355
2784,57,360
2785,52,325
2786,55,272
2787,51,244
2788,56,235
2789,53,296
2790,41,201
2791,52,275
2792,56,265
2793,51,269
2794,43,209
2795,56,294
2796,54,317
2797,55,303
2798,43,250
2799,49,187
2800,55,373
2801,43,296
2802,63,301
2803,44,208
2804,51,249
2805,50,230
2806,43,316
2807,45,270
2808,45,299
2809,41,240
2810,45,355
2811,52,521
2812,47,184
2813,56,327
2814,55,375
2815,53,285
2816,49,430
2817,60,300
2818,52,278
2819,52,249
2820,51,437
2821,53,372
2822,57,222
2823,50,289
2824,48,196
2825,56,236
2826,50,255
2827,52,167
2828,53,313
2829,47,227
2830,50,162
2831,48,277
2832,53,360
2833,50,254
2834,58,290
2835,45,258
2836,58,496
2837,55,312
2838,55,286
2839,50,212
2840,55,282
2841,52,360
2842,48,194
2843,46,307
2844,54,205
2845,55,681
2846,45,204
2847,51,210
2848,51,223
2849,45,420
2850,48,226
2851,61,316
2852,47,325
2853,55,367
2854,56,278
2855,52,364
2856,50,218
2857,51,275
2858,47,237
2859,51,294
2860,45,450
2861,55,349
2862,58,339
2863,53,237
2864,48,265
2865,46,204
2866,52,338
2867,52,328
2868,53,423
2869,49,219
2870,51,318
2871,54,202
2872,54,241
2873,64,260
2874,44,168
2875,51,235
2876,55,357
2877,54,239
2878,51,223
2879,60,256
2880,51,282
2881,54,226
2882,56,358
2883,68,363
2884,63,378
2885,49,210
2886,50,275
2887,51,222
2888,47,335
2889,56,464
2890,60,367
2891,41,192
2892,56,349
2893,64,601
2894,49,315
2895,60,273
2896,58,291
2897,44,213
2898,48,207
2899,48,302
2900,56,254
2901,58,370
2902,65,372
2903,70,471
2904,50,370
2905,50,203
2906,57,353
2907,55,220
2908,44,166
2909,58,350
2910,50,312
2911,53,200
2912,54,310
2913,53,218
2914,55,238
2915,50,257
2916,50,238
2917,41,300
2918,47,265
2919,51,238
2920,53,196
2921,54,274
2922,46,274
2923,59,348
2924,57,430
2925,50,240
2926,56,349
2927,58,295
2928,49,469
2929,44,201
2930,58,328
2931,50,184
2932,48,262
2933,64,228
2934,54,506
2935,43,222
2936,47,256
2937,43,274
2938,56,368
2939,48,247
2940,41,150
2941,53,274
2942,54,375
2943,37,199
2944,52,204
2945,45,280
2946,55,343
2947,49,203
2948,53,273
2949,57,268
2950,52,287
2951,56,253
2952,47,221
2953,49,324
2954,56,377
2955,39,155
2956,59,327
2957,54,244
2958,55,465
2959,53,221
2960,50,227
2961,50,206
2962,47,186
2963,59,349
2964,54,410
2965,45,217
2966,48,237
2967,49,247
2968,52,212
2969,48,322
2970,50,373
2971,55,299
2972,58,290
2973,57,416
2974,50,214
2975,60,457
2976,54,258
2977,46,238
2978,64,334
2979,52,263
2980,49,272
2981,46,144
2982,47,226
2983,49,396
2984,57,247
2985,60,464
2986,45,387
2987,55,338
2988,53,267
2989,46,273
2990,57,265
2991,47,402
2992,44,258
2993,51,236
2994,48,306
2995,57,228
2996,53,250
2997,39,203
2998,59,280
2999,51,230
3000,50,395
3001,46,229
3002,50,333
3003,53,190
3004,45,281
3005,51,250
3006,49,357
3007,50,305
3008,56,375
3009,60,353
3010,48,319
3011,47,221
3012,52,316
3013,50,219
3014,51,317
3015,52,279
3016,38,178
3017,55,298
3018,41,381
3019,51,228
3020,56,317
3021,43,188
3022,41,430
3023,54,261
3024,53,266
3025,51,255
3026,48,209
3027,52,226
3028,48,160
3029,44,264
3030,51,230
3031,48,277
3032,52,295
3033,48,308
3034,48,259
3035,48,247
3036,43,159
3037,50,256
3038,56,335
3039,48,159
3040,40,357
3041,48,162
3042,60,408
3043,44,188
3044,52,221
3045,49,342
3046,45,245
3047,53,390
3048,69,264
3049,55,281
3050,50,375
3051,48,233
3052,48,256
3053,55,250
3054,48,289
3055,53,262
3056,38,212
3057,55,353
3058,54,275
3059,53,350
3060,55,349
3061,46,274
3062,53,325
3063,57,241
3064,53,283
3065,49,260
3066,45,273
3067,59,262
3068,52,241
3069,54,355
3070,47,270
3071,44,207
3072,45,179
3073,52,282
3074,52,457
3075,54,249
3076,44,239
3077,51,386
3078,58,305
3079,51,253
3080,44,529
3081,56,372
3082,49,304
3083,59,275
3084,51,261
3085,47,228
3086,46,157
3087,45,227
3088,47,325
3089,43,222
3090,45,173
3091,42,281
3092,49,197
3093,57,289
3094,58,305
3095,57,411
3096,56,320
3097,39,176
3098,50,387
3099,58,310
3100,50,262
3101,64,412
3102,63,541
3103,43,371
3104,58,321
3105,53,230
3106,57,272
3107,50,193
3108,54,306
3109,49,195
3110,55,452
3111,56,288
3112,38,208
3113,58,309
3114,42,243
3115,47,193
3116,50,285
3117,60,400
3118,50,181
3119,58,329
3120,50,297
3121,56,397
3122,37,207
3123,53,328
3124,50,211
3125,48,275
3126,60,297
3127,51,268
3128,38,242
3129,46,246
3130,53,300
3131,45,205
3132,47,204
3133,48,218
3134,48,307
3135,52,272
3136,50,382
3137,48,234
3138,51,346
3139,42,247
3140,42,305
3141,52,290
3142,49,392
3143,38,203
3144,56,275
3145,48,376
3146,48,279
3147,51,187
3148,55,316
3149,50,346
3150,62,345
3151,50,253
3152,57,536
3153,51,254
3154,53,317
3155,45,161
3156,45,282
3157,55,238
3158,53,363
3159,47,272
3160,48,208
3161,60,268
3162,48,240
3163,44,204
3164,49,222
3165,46,195
3166,43,276
3167,52,370
3168,47,171
3169,55,339
3170,50,428
3171,51,230
3172,54,268
3173,57,317
3174,51,325
3175,50,344
3176,51,325
3177,42,249
3178,49,196
3179,44,245
3180,54,198
3181,46,422
3182,58,345
3183,62,228
3184,47,181
3185,48,294
3186,47,238
3187,62,463
3188,52,261
3189,51,405
3190,38,271
3191,46,312
3192,49,185
3193,47,213
3194,53,320
3195,58,395
3196,46,207
3197,51,231
3198,53,306
3199,55,228
3200,58,425
3201,48,291
3202,44,224
3203,48,223
3204,54,242
3205,53,190
3206,52,235
3207,57,368
3208,50,306
3209,51,348
3210,48,212
3211,46,545
3212,49,401
3213,48,284
3214,50,315
3215,49,188
3216,48,277
3217,53,331
3218,49,246
3219,52,244
3220,61,320
3221,56,242
3222,52,294
3223,54,182
3224,57,209
3225,37,458
3226,51,332
3227,49,331
3228,54,335
3229,47,259
3230,43,201
3231,53,214
3232,48,332
3233,41,223
3234,44,223
3235,42,276
3236,60,314
3237,43,146
3238,48,274
3239,57,284
3240,56,291
3241,49,237
3242,50,274
3243,51,225
3244,50,255
3245,48,222
3246,41,201
3247,59,292
3248,55,221
3249,57,419
3250,54,266
3251,51,284
3252,60,485
3253,58,359
3254,50,261
3255,48,227
3256,59,248
3257,46,348
3258,44,245
3259,44,232
3260,46,417
3261,52,328
3262,45,452
3263,51,254
3264,50,195
3265,50,316
3266,52,205
3267,49,224
3268,46,202
3269,59,380
3270,57,374
3271,52,409
3272,44,202
3273,40,180
3274,55,253
3275,54,353
3276,58,384
3277,54,221
3278,53,202
3279,55,253
3280,49,268
3281,45,193
3282,53,319
3283,46,208
3284,43,172
3285,53,237
3286,51,353
3287,43,242
3288,46,424
3289,58,285
3290,48,184
3291,49,163
3292,51,259
3293,62,274
3294,51,239
3295,45,259
3296,52,276
3297,59,244
3298,46,162
3299,56,308
3300,54,394
3301,41,200
3302,46,242
3303,49,275
3304,58,292
3305,48,353
3306,49,169
3307,51,287
3308,45,213
3309,49,253
3310,52,250
3311,59,502
3312,43,296
3313,54,340
3314,35,181
3315,60,271
3316,56,300
3317,56,351
3318,52,301
3319,43,279
3320,42,287
3321,51,203
3322,38,159
3323,46,324
3324,62,252
3325,67,593
3326,52,256
3327,51,329
3328,47,204
3329,51,319
3330,47,201
3331,49,238
3332,49,269
3333,41,188
3334,40,350
3335,54,363
3336,46,285
3337,55,217
3338,46,160
3339,45,225
3340,55,287
3341,65,399
3342,46,447
3343,49,187
3344,49,213
3345,52,288
3346,53,296
3347,49,272
3348,45,387
3349,60,321
3350,46,351
3351,48,207
3352,44,358
3353,53,265
3354,49,263
3355,57,388
3356,48,150
3357,53,287
3358,61,277
3359,53,329
3360,51,249
3361,35,162
3362,53,251
3363,55,228
3364,48,227
3365,55,393
3366,53,273
3367,53,335
3368,41,273
3369,52,341
3370,46,147
3371,59,363
3372,48,198
3373,56,329
3374,48,268
3375,54,217
3376,50,244
3377,56,402
3378,56,316
3379,45,414
3380,52,467
3381,64,282
3382,54,297
3383,59,342
3384,54,264
3385,47,363
3386,46,204
3387,52,246
3388,59,398
3389,48,335
3390,54,211
3391,38,232
3392,49,292
3393,61,356
3394,54,206
3395,56,305
3396,52,289
3397,45,319
3398,59,322
3399,66,343
3400,49,353
3401,49,250
3402,46,293
3403,46,168
3404,52,222
3405,47,327
3406,43,178
3407,53,230
3408,56,301
3409,57,273
3410,51,246
3411,49,333
3412,53,263
3413,47,235
3414,52,611
3415,58,275
3416,63,319
3417,55,236
3418,49,426
3419,45,369
3420,53,273
3421,45,233
3422,55,416
3423,48,256
3424,48,247
3425,47,312
3426,52,275
3427,50,204
3428,51,283
3429,56,222
3430,54,242
3431,52,304
3432,48,207
3433,53,270
3434,50,460
3435,54,250
3436,56,287
3437,55,775
3438,51,326
3439,45,269
3440,60,361
3441,54,337
3442,52,289
3443,54,288
3444,56,342
3445,55,335
3446,48,167
3447,48,178
3448,55,184
3449,53,534
3450,52,279
3451,49,200
3452,45,206
3453,54,216
3454,50,213
3455,47,202
3456,46,326
3457,50,226
3458,55,208
3459,50,189
3460,50,232
3461,43,214
3462,57,362
3463,47,196
3464,55,288
3465,57,402
3466,52,277
3467,49,261
3468,55,247
3469,49,261
3470,52,193
3471,57,340
3472,58,302
3473,37,119
3474,56,361
3475,54,412
3476,49,349
3477,55,278
3478,51,288
3479,49,210
3480,42,167
3481,42,332
3482,42,222
3483,49,215
3484,56,199
3485,49,222
3486,47,254
3487,53,261
3488,51,382
3489,43,448
3490,56,484
3491,49,250
3492,55,245
3493,55,231
3494,52,259
3495,58,441
3496,47,236
3497,48,168
3498,52,293
3499,47,363
3500,55,267
3501,50,304
3502,40,238
3503,49,255
3504,58,269
3505,51,282
3506,47,428
3507,48,399
3508,49,291
3509,58,307
3510,43,152
3511,47,189
3512,51,228
3513,48,244
3514,51,305
3515,46,234
3516,41,226
3517,59,322
3518,47,304
3519,40,196
3520,46,346
3521,54,273
3522,55,261
3523,51,268
3524,51,351
3525,62,330
3526,47,221
3527,51,286
3528,56,287
3529,55,288
3530,50,249
3531,53,283
3532,57,258
3533,51,269
3534,59,360
3535,63,629
3536,50,793
3537,53,331
3538,55,314
3539,60,358
3540,55,252
3541,45,245
3542,47,227
3543,57,296
3544,53,201
3545,52,288
3546,50,193
3547,58,267
3548,55,325
3549,59,329
3550,51,275
3551,51,202
3552,56,235
3553,41,329
3554,59,278
3555,43,272
3556,51,356
3557,53,260
3558,50,242
3559,53,185
3560,46,279
3561,52,327
3562,65,380
3563,47,293
3564,49,243
3565,48,220
3566,52,297
3567,52,284
3568,58,370
3569,49,309
3570,52,301
3571,52,241
3572,53,254
3573,46,213
3574,48,200
3575,43,371
3576,48,199
3577,59,400
3578,54,309
3579,54,349
3580,50,334
3581,55,242
3582,52,295
3583,50,225
3584,51,278
3585,54,251
3586,43,220
3587,45,212
3588,61,311
3589,59,212
3590,49,311
3591,47,174
3592,56,330
3593,54,228
3594,48,200
3595,58,285
3596,58,260
3597,48,203
3598,58,427
3599,41,185
3600,61,339
3601,45,225
3602,50,257
3603,42,278
3604,43,232
3605,47,178
3606,54,314
3607,55,213
3608,54,357
3609,48,301
3610,41,160
3611,56,259
3612,52,233
3613,48,276
3614,58,321
3615,56,431
3616,57,340
3617,57,420
3618,44,201
3619,55,202
3620,48,189
3621,50,202
3622,55,368
3623,49,274
3624,46,249
3625,54,300
3626,42,235
3627,48,332
3628,44,196
3629,47,315
3630,52,202
3631,53,249
3632,57,434
3633,48,200
3634,55,310
3635,50,249
3636,40,346
3637,47,386
3638,51,261
3639,64,403
3640,46,328
3641,52,419
3642,46,161
3643,55,230
3644,54,301
3645,59,311
3646,55,300
3647,51,318
3648,52,533
3649,59,312
3650,52,326
3651,57,332
3652,49,268
3653,56,345
3654,56,401
3655,57,271
3656,45,319
3657,46,333
3658,51,238
3659,53,528
3660,43,219
3661,53,302
3662,60,435
3663,42,193
3664,50,242
3665,40,203
3666,60,356
3667,57,361
3668,53,318
3669,40,148
3670,48,271
3671,52,250
3672,46,222
3673,47,200
3674,50,328
3675,57,310
3676,50,214
3677,59,223
3678,48,435
3679,52,256
3680,52,257
3681,48,197
3682,49,421
3683,57,331
3684,55,265
3685,50,194
3686,43,253
3687,54,336
3688,55,392
3689,55,344
3690,59,395
3691,39,242
3692,49,263
3693,45,178
3694,55,341
3695,43,229
3696,45,264
3697,56,323
3698,60,249
3699,63,406
3700,57,310
3701,51,268
3702,52,223
3703,46,212
3704,54,220
3705,61,357
3706,43,186
3707,52,259
3708,48,258
3709,47,219
3710,49,197
3711,57,350
3712,53,268
3713,68,382
3714,51,306
3715,48,185
3716,43,235
3717,54,271
3718,51,252
3719,59,336
3720,54,280
3721,47,316
3722,54,250
3723,46,428
3724,54,269
3725,55,243
3726,53,399
3727,59,358
3728,48,283
3729,46,169
3730,53,245
3731,54,332
3732,48,280
3733,57,426
3734,41,201
3735,46,220
3736,60,227
3737,62,426
3738,52,287
3739,52,191
3740,58,263
3741,56,229
3742,56,334
3743,55,292
3744,54,353
3745,49,653
3746,50,285
3747,51,343
3748,57,296
3749,50,442
3750,46,339
3751,51,343
3752,58,200
3753,42,340
3754,49,240
3755,57,388
3756,49,204
3757,55,255
3758,54,310
3759,43,243
3760,63,344
3761,54,188
3762,46,258
3763,46,227
3764,44,209
3765,45,221
3766,53,543
3767,58,477
3768,48,274
3769,46,317
3770,59,234
3771,48,360
3772,50,244
3773,37,217
3774,53,297
3775,44,300
3776,51,284
3777,56,225
3778,52,244
3779,49,261
3780,56,354
3781,55,379
3782,55,329
3783,47,293
3784,44,233
3785,49,241
3786,46,221
3787,46,426
3788,51,243
3789,51,300
3790,48,262
3791,51,334
3792,54,248
3793,56,290
3794,53,232
3795,43,477
3796,50,276
3797,53,444
3798,58,745
3799,57,275
3800,43,157
3801,50,248
3802,57,272
3803,52,299
3804,55,246
3805,51,235
3806,48,206
3807,55,253
3808,49,297
3809,50,213
3810,49,494
3811,48,281
3812,52,293
3813,49,354
3814,53,196
3815,50,335
3816,53,188
3817,56,256
3818,42,438
3819,52,301
3820,51,476
3821,49,312
3822,53,349
3823,51,274
3824,44,163
3825,58,488
3826,50,521
3827,64,500
3828,45,261
3829,55,396
3830,51,247
3831,44,327
3832,53,215
3833,41,196
3834,43,210
3835,53,200
3836,48,183
3837,51,285
3838,56,360
3839,51,243
3840,46,246
3841,48,171
3842,46,281
3843,57,345
3844,54,319
3845,52,244
3846,58,331
3847,54,314
3848,45,186
3849,52,256
3850,49,319
3851,53,334
3852,45,180
3853,48,175
3854,51,326
3855,51,459
3856,49,217
3857,46,222
3858,44,242
3859,52,291
3860,41,195
3861,41,198
3862,47,236
3863,37,252
3864,55,246
3865,48,168
3866,46,172
3867,53,260
3868,50,259
3869,62,489
3870,55,446
3871,57,303
3872,50,387
3873,52,271
3874,46,191
3875,64,318
3876,50,439
3877,49,217
3878,43,228
3879,62,476
3880,52,301
3881,57,277
3882,51,495
3883,53,274
3884,47,221
3885,46,171
3886,45,207
3887,49,178
3888,37,141
3889,48,271
3890,53,275
3891,55,377
3892,58,398
3893,46,296
3894,48,278
3895,46,220
3896,47,203
3897,42,228
3898,53,270
3899,47,236
3900,46,204
3901,61,305
3902,50,209
3903,56,352
3904,48,476
3905,53,250
3906,62,243
3907,53,252
3908,45,269
3909,59,291
3910,46,317
3911,55,339
3912,44,242
3913,46,283
3914,50,202
3915,48,259
3916,55,249
3917,50,236
3918,55,239
3919,47,258
3920,43,246
3921,50,363
3922,46,162
3923,52,490
3924,49,151
3925,47,219
3926,55,296
3927,53,193
3928,47,239
3929,50,203
3930,52,207
3931,55,372
3932,40,291
3933,56,328
3934,48,169
3935,55,310
3936,49,377
3937,57,400
3938,53,316
3939,53,388
3940,45,225
3941,52,252
3942,47,245
3943,46,277
3944,66,347
3945,57,444
3946,43,282
3947,62,294
3948,55,228
3949,57,225
3950,42,208
3951,52,222
3952,35,190
3953,49,347
3954,58,302
3955,56,290
3956,60,370
3957,49,280
3958,54,225
3959,42,165
3960,44,291
3961,48,280
3962,60,381
3963,46,233
3964,47,225
3965,57,276
3966,53,268
3967,46,259
3968,47,208
3969,53,359
3970,47,235
3971,50,274
3972,55,243
3973,41,268
3974,61,394
3975,54,303
3976,46,257
3977,32,136
3978,46,180
3979,57,418
3980,53,265
3981,46,275
3982,43,221
3983,44,262
3984,48,267
3985,49,291
3986,56,279
3987,50,215
3988,50,489
3989,49,226
3990,45,213
3991,51,215
3992,33,183
3993,54,266
3994,48,269
3995,50,401
3996,53,264
3997,52,243
3998,48,541
3999,38,131
4000,57,281
4001,41,155
4002,55,319
4003,56,246
4004,44,235
4005,49,315
4006,61,377
4007,50,225
4008,51,258
4009,50,332
4010,59,287
4011,54,392
4012,49,183
4013,58,319
4014,61,220
4015,53,228
4016,56,405
4017,43,230
4018,48,169
4019,50,249
4020,51,332
4021,53,234
4022,51,300
4023,58,474
4024,49,286
4025,62,409
4026,46,235
4027,47,332
4028,50,347
4029,54,312
4030,49,240
4031,49,277
4032,57,282
4033,54,245
4034,61,341
4035,51,646
4036,54,286
4037,53,258
4038,44,179
4039,56,280
4040,44,212
4041,47,143
4042,47,259
4043,46,240
4044,50,265
4045,50,273
4046,56,316
4047,40,335
4048,62,442
4049,58,405
4050,53,315
4051,55,256
4052,43,210
4053,45,306
4054,57,190
4055,49,312
4056,50,395
4057,48,222
4058,56,441
4059,51,296
4060,46,248
4061,55,369
4062,58,339
4063,40,246
4064,54,210
4065,48,272
4066,53,331
4067,57,491
4068,48,225
4069,56,289
4070,44,406
4071,50,255
4072,50,281
4073,60,310
4074,55,273
4075,55,437
4076,48,203
4077,53,308
4078,52,252
4079,51,296
4080,50,374
4081,50,301
4082,52,469
4083,45,178
4084,61,374
4085,50,314
4086,45,268
4087,48,401
4088,51,317
4089,64,345
4090,52,222
4091,51,300
4092,44,222
4093,61,316
4094,49,317
4095,59,254
4096,52,229
4097,44,276
4098,48,304
4099,55,391
4100,58,281
4101,51,311
4102,43,255
4103,44,238
4104,51,381
4105,52,187
4106,58,239
4107,45,159
4108,48,234
4109,46,382
4110,47,154
4111,49,297
4112,53,385
4113,54,285
4114,58,325
4115,43,277
4116,44,179
4117,57,329
4118,56,327
4119,43,209
4120,47,200
4121,52,233
4122,55,304
4123,47,195
4124,47,288
4125,47,349
4126,50,337
4127,51,297
4128,50,267
4129,52,409
4130,45,244
4131,43,233
4132,50,342
4133,47,328
4134,45,303
4135,45,197
4136,38,125
4137,45,189
4138,54,325
4139,53,293
4140,49,246
4141,53,236
4142,52,279
4143,53,384
4144,50,449
4145,46,264
4146,47,410
4147,56,280
4148,44,315
4149,47,251
4150,48,271
4151,41,176
4152,53,238
4153,45,221
4154,54,454
4155,51,361
4156,45,247
4157,59,357
4158,53,258
4159,49,242
4160,63,256
4161,46,250
4162,48,242
4163,49,185
4164,46,270
4165,44,190
4166,46,288
4167,49,225
4168,54,250
4169,46,263
4170,49,349
4171,52,222
4172,49,231
4173,50,225
4174,46,299
4175,55,379
4176,48,218
4177,60,304
4178,62,450
4179,52,290
4180,59,271
4181,52,398
4182,50,300
4183,56,508
4184,38,255
4185,48,263
4186,48,212
4187,58,255
4188,45,344
4189,45,251
4190,55,233
4191,60,390
4192,54,295
4193,56,373
4194,46,226
4195,51,358
4196,55,281
4197,51,279
4198,56,245
4199,54,242
4200,54,254
4201,49,368
4202,49,235
4203,45,250
4204,53,232
4205,48,217
4206,51,277
4207,51,273
4208,36,212
4209,58,257
4210,49,177
4211,51,215
4212,55,300
4213,60,312
4214,52,435
4215,55,182
4216,56,355
4217,61,290
4218,47,244
4219,54,318
4220,41,154
4221,51,217
4222,51,234
4223,47,185
4224,55,250
4225,49,232
4226,48,204
4227,51,316
4228,43,336
4229,52,267
4230,49,223
4231,50,427
4232,46,202
4233,58,464
4234,43,220
4235,46,209
4236,56,233
4237,63,390
4238,52,363
4239,46,227
4240,54,237
4241,43,242
4242,59,352
4243,58,320
4244,59,310
4245,54,340
4246,59,380
4247,45,229
4248,46,334
4249,43,190
4250,61,414
4251,57,357
4252,51,302
4253,53,219
4254,46,223
4255,57,271
4256,58,210
4257,51,324
4258,50,410
4259,52,164
4260,49,342
4261,53,295
4262,50,250
4263,45,277
4264,47,218
4265,52,226
4266,47,243
4267,48,265
4268,51,336
4269,53,384
4270,47,256
4271,52,242
4272,49,259
4273,57,237
4274,53,280
4275,46,177
4276,44,216
4277,58,318
4278,61,456
4279,61,352
4280,56,314
4281,60,302
4282,49,177
4283,37,250
4284,59,272
4285,56,165
4286,59,366
4287,50,324
4288,51,222
4289,47,226
4290,49,301
4291,56,194
4292,53,243
4293,50,304
4294,44,228
4295,43,370
4296,46,261
4297,54,451
4298,48,243
4299,56,199
4300,51,203
4301,46,348
4302,54,272
4303,55,266
4304,48,210
4305,57,256
4306,48,181
4307,46,224
4308,60,303
4309,50,377
4310,52,280
4311,49,459
4312,47,220
4313,44,169
4314,54,217
4315,49,208
4316,54,249
4317,55,416
4318,47,188
4319,59,319
4320,57,260
4321,56,490
4322,53,302
4323,48,214
4324,57,277
4325,49,292
4326,43,389
4327,40,146
4328,47,397
4329,51,175
4330,52,321
4331,49,367
4332,58,737
4333,52,310
4334,49,236
4335,47,243
4336,53,244
4337,43,218
4338,43,413
4339,47,200
4340,53,255
4341,52,227
4342,48,240
4343,52,372
4344,48,259
4345,54,321
4346,56,306
4347,52,253
4348,52,334
4349,55,279
4350,50,195
4351,53,275
4352,60,305
4353,54,223
4354,50,226
4355,52,346
4356,52,261
4357,43,315
4358,51,231
4359,52,294
4360,53,279
4361,53,553
4362,53,244
4363,45,223
4364,43,146
4365,53,353
4366,52,277
4367,48,286
4368,56,383
4369,52,329
4370,54,379
4371,46,313
4372,41,200
4373,49,200
4374,55,282
4375,44,201
4376,56,296
4377,46,219
4378,52,236
4379,45,279
4380,44,186
4381,52,209
4382,49,240
4383,46,315
4384,52,319
4385,59,343
4386,48,205
4387,45,153
4388,49,239
4389,59,230
4390,49,325
4391,56,328
4392,48,258
4393,43,187
4394,55,288
4395,50,227
4396,54,278
4397,58,464
4398,50,306
4399,51,288
4400,55,334
4401,56,528
4402,47,213
4403,43,279
4404,56,248
4405,51,377
4406,53,276
4407,48,304
4408,47,214
4409,52,220
4410,50,292
4411,51,213
4412,52,219
4413,51,323
4414,60,297
4415,58,331
4416,44,224
4417,47,213
4418,63,353
4419,53,335
4420,57,237
4421,47,222
4422,52,211
4423,52,268
4424,51,281
4425,43,282
4426,47,246
4427,50,439
4428,53,221
4429,49,202
4430,49,269
4431,57,253
4432,53,298
4433,58,336
4434,55,362
4435,45,302
4436,42,229
4437,60,368
4438,53,278
4439,48,215
4440,48,227
4441,46,249
4442,52,295
4443,51,280
4444,47,211
4445,51,206
4446,62,276
4447,55,193
4448,54,249
4449,46,229
4450,42,172
4451,58,400
4452,39,184
4453,54,228
4454,47,174
4455,48,249
4456,53,251
4457,53,242
4458,56,602
4459,53,501
4460,56,284
4461,49,310
4462,45,213
4463,59,254
4464,48,326
4465,48,209
4466,54,332
4467,51,288
4468,47,229
4469,43,169
4470,48,331
4471,50,269
4472,46,193
4473,52,355
4474,58,216
4475,44,292
4476,52,227
4477,52,283
4478,59,411
4479,48,738
4480,51,202
4481,57,280
4482,53,229
4483,57,278
4484,46,341
4485,51,290
4486,41,419
4487,46,251
4488,52,228
4489,43,190
4490,55,318
4491,56,260
4492,50,330
4493,56,362
4494,47,254
4495,43,263
4496,54,296
4497,48,174
4498,58,383
4499,49,305
4500,57,280
4501,57,300
4502,53,264
4503,40,258
4504,51,220
4505,46,236
4506,67,311
4507,40,148
4508,50,224
4509,45,269
4510,42,197
4511,47,212
4512,47,247
4513,48,265
4514,60,291
4515,56,352
4516,52,274
4517,47,267
4518,51,271
4519,42,207
4520,52,271
4521,52,351
4522,48,359
4523,52,203
4524,49,401
4525,37,210
4526,55,239
4527,51,298
4528,50,387
4529,58,200
4530,52,350
4531,57,247
4532,56,193
4533,52,256
4534,53,359
4535,51,272
4536,51,234
4537,45,190
4538,60,378
4539,49,300
4540,52,365
4541,44,359
4542,50,249
4543,47,217
4544,47,179
4545,50,231
4546,56,274
4547,57,228
4548,44,150
4549,53,269
4550,54,222
4551,51,240
4552,46,287
4553,46,261
4554,54,260
4555,50,271
4556,49,345
4557,49,184
4558,53,345
4559,44,205
4560,51,339
4561,51,638
4562,44,232
4563,49,304
4564,54,198
4565,52,310
4566,52,271
4567,52,202
4568,45,233
4569,50,302
4570,50,311
4571,54,279
4572,56,294
4573,52,296
4574,57,272
4575,59,279
4576,56,442
4577,47,233
4578,62,327
4579,46,238
4580,66,331
4581,53,299
4582,46,191
4583,61,336
4584,52,273
4585,47,213
4586,55,342
4587,55,260
4588,45,429
4589,47,208
4590,58,282
4591,60,399
4592,43,408
4593,62,449
4594,50,343
4595,49,278
4596,45,246
4597,53,326
4598,50,320
4599,43,142
4600,41,210
4601,44,224
4602,47,326
4603,41,202
4604,56,491
4605,55,355
4606,45,232
4607,44,206
4608,48,239
4609,61,356
4610,63,270
4611,49,231
4612,55,325
4613,59,219
4614,56,378
4615,48,158
4616,45,199
4617,55,280
4618,47,240
4619,56,310
4620,53,343
4621,45,256
4622,59,256
4623,49,248
4624,51,231
4625,48,246
4626,57,254
4627,44,181
4628,55,296
4629,50,264
4630,48,304
4631,49,272
4632,47,213
4633,55,266
4634,53,242
4635,49,208
4636,53,195
4637,50,252
4638,59,401
4639,51,267
4640,56,345
4641,52,249
4642,55,329
4643,47,188
4644,41,368
4645,52,188
4646,56,311
4647,54,290
4648,49,320
4649,57,331
4650,50,217
4651,57,227
4652,42,298
4653,55,318
4654,50,325
4655,51,218
4656,49,205
4657,44,244
4658,52,237
4659,53,231
4660,57,510
4661,51,311
4662,51,187
4663,44,205
4664,60,350
4665,59,328
4666,46,245
4667,48,263
4668,55,224
4669,47,304
4670,57,289
4671,47,228
4672,48,210
4673,55,199
4674,41,281
4675,66,339
4676,51,297
4677,48,271
4678,47,312
4679,55,480
4680,47,383
4681,62,312
4682,63,291
4683,44,252
4684,52,288
4685,49,244
4686,49,231
4687,60,309
4688,53,290
4689,51,230
4690,64,391
4691,55,503
4692,45,171
4693,54,331
4694,42,274
4695,49,216
4696,48,304
4697,51,294
4698,58,316
4699,49,220
4700,51,388
4701,47,269
4702,49,277
4703,50,221
4704,53,269
4705,46,179
4706,52,324
4707,48,198
4708,43,271
4709,54,429
4710,47,252
4711,51,193
4712,49,271
4713,56,212
4714,50,205
4715,51,252
4716,56,589
4717,51,220
4718,53,300
4719,61,563
4720,49,216
4721,51,235
4722,57,353
4723,65,292
4724,59,396
4725,46,232
4726,51,300
4727,48,264
4728,47,377
4729,49,278
4730,46,207
4731,53,273
4732,51,272
4733,55,259
4734,55,247
4735,55,337
4736,51,336
4737,53,275
4738,57,229
4739,50,287
4740,48,249
4741,58,332
4742,50,257
4743,52,515
4744,60,221
4745,55,446
4746,47,222
4747,52,298
4748,60,305
4749,67,272
4750,56,202
4751,54,282
4752,50,337
4753,44,279
4754,48,177
4755,48,463
4756,57,251
4757,49,234
4758,47,250
4759,50,292
4760,44,184
4761,50,357
4762,46,190
4763,47,326
4764,44,252
4765,48,337
4766,54,188
4767,58,362
4768,52,315
4769,56,310
4770,53,252
4771,56,351
4772,56,475
4773,51,258
4774,53,276
4775,53,182
4776,62,383
4777,48,290
4778,47,193
4779,49,191
4780,57,279
4781,58,329
4782,43,207
4783,41,281
4784,54,315
4785,61,349
4786,47,244
4787,50,282
4788,42,277
4789,53,235
4790,48,231
4791,51,413
4792,50,387
4793,47,218
4794,49,257
4795,52,419
4796,53,338
4797,41,159
4798,50,420
4799,53,250
4800,50,293
4801,47,251
4802,50,279
4803,47,300
4804,60,266
4805,48,322
4806,45,235
4807,49,221
4808,53,225
4809,50,235
4810,55,324
4811,52,287
4812,48,378
4813,55,297
4814,57,319
4815,43,260
4816,53,223
4817,57,299
4818,54,366
4819,52,356
4820,38,148
4821,44,179
4822,47,212
4823,50,160
4824,51,362
4825,42,204
4826,53,356
4827,58,269
4828,48,472
4829,44,201
4830,48,338
4831,49,343
4832,47,234
4833,42,224
4834,42,213
4835,56,299
4836,49,271
4837,51,279
4838,54,280
4839,55,520
4840,49,195
4841,60,289
4842,52,405
4843,49,369
4844,47,298
4845,42,236
4846,54,226
4847,46,262
4848,55,272
4849,47,191
4850,47,254
4851,55,209
4852,52,394
4853,55,331
4854,49,160
4855,55,278
4856,46,274
4857,48,212
4858,37,178
4859,57,331
4860,50,232
4861,50,267
4862,51,481
4863,58,419
4864,57,315
4865,46,191
4866,56,255
4867,53,243
4868,46,231
4869,56,295
4870,53,295
4871,55,262
4872,56,411
4873,59,286
4874,53,275
4875,54,330
4876,54,519
4877,58,343
4878,56,414
4879,45,251
4880,49,265
4881,56,375
4882,61,303
4883,61,329
4884,52,332
4885,57,272
4886,62,292
4887,43,158
4888,59,460
4889,47,352
4890,55,236
4891,49,214
4892,51,293
4893,61,209
4894,58,282
4895,52,325
4896,51,251
4897,46,344
4898,58,328
4899,49,256
4900,50,273
4901,47,229
4902,51,514
4903,47,182
4904,52,305
4905,56,415
4906,42,185
4907,53,476
4908,47,214
4909,51,260
4910,60,316
4911,49,545
4912,50,338
4913,55,295
4914,56,301
4915,41,258
4916,54,308
4917,54,316
4918,49,234
4919,39,137
4920,48,283
4921,52,226
4922,49,287
4923,44,276
4924,55,178
4925,44,267
4926,53,368
4927,53,330
4928,49,376
4929,50,204
4930,48,188
4931,53,199
4932,41,193
4933,47,226
4934,53,266
4935,44,164
4936,52,241
4937,42,356
4938,50,269
4939,50,345
4940,49,241
4941,45,191
4942,49,322
4943,55,338
4944,62,294
4945,45,253
4946,50,440
4947,51,228
4948,46,356
4949,53,276
4950,49,346
4951,51,313
4952,59,276
4953,56,268
4954,53,286
4955,53,247
4956,59,302
4957,44,204
4958,61,214
4959,46,286
4960,58,260
4961,54,467
4962,49,159
4963,59,342
4964,53,356
4965,41,248
4966,47,267
4967,50,277
4968,60,525
4969,54,280
4970,47,196
4971,46,245
4972,60,325
4973,43,253
4974,48,431
4975,50,243
4976,47,177
4977,52,538
4978,51,265
4979,52,227
4980,58,327
4981,52,256
4982,52,248
4983,46,179
4984,57,313
4985,36,438
4986,57,262
4987,48,188
4988,47,270
4989,54,338
4990,48,282
4991,50,289
4992,48,174
4993,59,229
4994,56,300
4995,63,261
4996,46,174
4997,43,179
4998,45,298
4999,48,258
5000,55,257
5001,64,314
5002,58,265
5003,51,276
5004,50,277
5005,56,321
5006,51,345
5007,46,266
5008,51,246
5009,54,363
5010,45,306
5011,58,287
5012,56,324
5013,36,289
5014,52,275
5015,50,242
5016,42,202
5017,62,405
5018,50,234
5019,51,277
5020,54,253
5021,54,213
5022,43,178
5023,52,260
5024,54,355
5025,53,272
5026,56,346
5027,53,222
5028,53,313
5029,44,353
5030,46,248
5031,47,244
5032,55,304
5033,56,333
5034,46,234
5035,40,425
5036,55,549
5037,53,231
5038,60,360
5039,50,233
5040,55,331
5041,55,192
5042,47,238
5043,49,291
5044,50,332
5045,57,235
5046,52,286
5047,45,190
5048,62,284
5049,50,324
5050,56,240
5051,51,231
5052,57,272
5053,53,329
5054,46,179
5055,45,323
5056,41,235
5057,50,285
5058,56,238
5059,50,246
5060,46,197
5061,45,293
5062,51,316
5063,53,248
5064,49,232
5065,51,387
5066,58,378
5067,49,263
5068,52,331
5069,53,275
5070,54,339
5071,52,226
5072,46,222
5073,41,167
5074,47,231
5075,57,317
5076,59,333
5077,56,281
5078,43,293
5079,34,180
5080,54,298
5081,54,297
5082,44,313
5083,53,333
5084,50,341
5085,53,429
5086,46,188
5087,49,207
5088,57,329
5089,52,276
5090,43,249
5091,53,238
5092,51,229
5093,45,226
5094,45,346
5095,51,343
5096,57,377
5097,49,289
5098,48,191
5099,49,266
5100,58,304
5101,52,233
5102,59,609
5103,48,292
5104,57,331
5105,47,263
5106,55,356
5107,53,259
5108,43,279
5109,52,294
5110,36,176
5111,51,257
5112,52,325
5113,49,315
5114,56,313
5115,51,422
5116,45,175
5117,52,253
5118,46,241
5119,58,410
5120,45,246
5121,48,341
5122,50,273
5123,57,277
5124,43,291
5125,59,329
5126,48,392
5127,42,240
5128,49,318
5129,52,382
5130,59,422
5131,40,206
5132,48,222
5133,54,210
5134,52,287
5135,55,240
5136,50,209
5137,52,352
5138,54,286
5139,51,285
5140,61,208
5141,45,431
5142,48,194
5143,54,325
5144,46,197
5145,45,187
5146,51,281
5147,46,229
5148,64,229
5149,52,233
5150,58,444
5151,49,222
5152,43,211
5153,52,260
5154,45,166
5155,51,256
5156,50,263
5157,45,342
5158,55,407
5159,65,369
5160,55,220
5161,50,316
5162,59,301
5163,52,177
5164,56,226
5165,57,443
5166,44,205
5167,49,189
5168,55,233
5169,50,342
5170,61,349
5171,47,253
5172,50,403
5173,43,232
5174,52,307
5175,55,393
5176,45,211
5177,44,225
5178,62,340
5179,55,227
5180,47,188
5181,65,351
5182,44,248
5183,39,354
5184,42,260
5185,58,314
5186,53,279
5187,48,185
5188,63,387
5189,52,375
5190,51,271
5191,46,363
5192,58,269
5193,48,206
5194,55,298
5195,57,235
5196,51,296
5197,45,213
5198,50,224
5199,62,285
5200,49,303
5201,44,254
5202,47,316
5203,63,580
5204,51,346
5205,40,201
5206,46,242
5207,46,227
5208,50,310
5209,60,202
5210,48,210
5211,54,235
5212,40,229
5213,47,436
5214,55,355
5215,45,231
5216,61,287
5217,54,253
5218,46,233
5219,50,304
5220,56,336
5221,48,379
5222,61,310
5223,50,277
5224,45,440
5225,47,190
5226,49,253
5227,46,328
5228,49,368
5229,50,384
5230,56,266
5231,55,301
5232,50,316
5233,43,236
5234,48,319
5235,54,338
5236,51,184
5237,54,374
5238,45,248
5239,52,290
5240,52,345
5241,50,400
5242,52,281
5243,58,222
5244,59,281
5245,51,268
5246,44,263
5247,46,300
5248,47,344
5249,48,209
5250,50,247
5251,52,250
5252,57,401
5253,49,378
5254,45,293
5255,53,338
5256,53,281
5257,50,339
5258,47,269
5259,45,276
5260,59,365
5261,60,217
5262,51,220
5263,52,333
5264,53,271
5265,57,394
5266,44,252
5267,48,205
5268,50,222
5269,57,340
5270,53,292
5271,58,301
5272,53,237
5273,61,355
5274,52,193
5275,54,341
5276,51,258
5277,47,234
5278,53,203
5279,53,203
5280,60,309
5281,38,134
5282,48,228
5283,50,285
5284,49,354
5285,51,298
5286,51,267
5287,48,216
5288,60,304
5289,42,285
5290,49,252
5291,43,226
5292,44,170
5293,71,277
5294,55,292
5295,52,221
5296,48,272
5297,52,376
5298,60,299
5299,46,294
5300,48,206
5301,48,212
5302,43,167
5303,53,332
5304,53,292
5305,50,313
5306,48,241
5307,55,419
5308,55,292
5309,45,191
5310,54,275
5311,47,200
5312,49,416
5313,51,449
5314,56,303
5315,55,185
5316,65,339
5317,47,333
5318,53,292
5319,50,306
5320,50,258
5321,44,315
5322,49,257
5323,47,196
5324,46,275
5325,52,327
5326,48,527
5327,46,267
5328,47,206
5329,50,252
5330,57,296
5331,55,327
5332,51,290
5333,56,406
5334,47,213
5335,53,344
5336,46,174
5337,51,248
5338,41,184
5339,52,355
5340,62,382
5341,57,262
5342,51,265
5343,54,313
5344,46,278
5345,50,236
5346,53,388
5347,46,265
5348,54,541
5349,53,236
5350,47,244
5351,57,341
5352,54,235
5353,45,325
5354,52,292
5355,55,438
5356,41,191
5357,39,271
5358,53,339
5359,51,237
5360,50,236
5361,50,279
5362,52,361
5363,47,342
5364,55,236
5365,54,262
5366,51,192
5367,43,180
5368,41,216
5369,44,245
5370,43,206
5371,44,463
5372,53,289
5373,50,230
5374,49,220
5375,53,362
5376,51,252
5377,65,323
5378,57,366
5379,63,332
5380,50,237
5381,44,380
5382,58,338
5383,52,358
5384,53,317
5385,53,338
5386,47,647
5387,46,220
5388,52,202
5389,55,213
5390,57,289
5391,51,261
5392,47,246
5393,47,509
5394,59,398
5395,55,309
5396,50,238
5397,53,484
5398,44,283
5399,52,331
5400,45,152
5401,51,375
5402,50,294
5403,51,270
5404,50,268
5405,62,294
5406,51,208
5407,57,397
5408,55,279
5409,54,276
5410,51,258
5411,53,296
5412,56,279
5413,51,268
5414,65,317
5415,48,412
5416,53,253
5417,58,294
5418,54,260
5419,50,549
5420,50,196
5421,45,283
5422,45,211
5423,42,244
5424,43,155
5425,51,198
5426,40,232
5427,51,378
5428,60,368
5429,59,269
5430,52,246
5431,45,238
5432,50,211
5433,43,215
5434,41,231
5435,58,240
5436,55,283
5437,52,274
5438,45,265
5439,52,225
5440,48,281
5441,46,186
5442,53,237
5443,54,238
5444,54,244
5445,45,207
5446,52,291
5447,49,239
5448,60,320
5449,52,390
5450,60,388
5451,45,241
5452,59,231
5453,51,346
5454,59,259
5455,59,426
5456,56,649
5457,46,233
5458,47,288
5459,46,421
5460,54,367
5461,47,261
5462,52,275
5463,55,183
5464,68,350
5465,62,316
5466,56,372
5467,49,223
5468,46,256
5469,51,245
5470,47,355
5471,50,227
5472,48,274
5473,57,491
5474,46,184
5475,53,299
5476,38,270
5477,49,286
5478,57,476
5479,47,221
5480,59,360
5481,52,286
5482,49,282
5483,51,361
5484,41,284
5485,54,338
5486,57,420
5487,52,292
5488,46,188
5489,56,244
5490,54,311
5491,56,253
5492,63,493
5493,49,239
5494,46,283
5495,64,345
5496,54,749
5497,52,306
5498,47,188
5499,50,323
5500,55,294
5501,48,415
5502,43,154
5503,67,301
5504,43,167
5505,47,165
5506,57,310
5507,50,227
5508,49,237
5509,47,190
5510,50,419
5511,43,444
5512,41,175
5513,50,252
5514,54,254
5515,58,301
5516,44,290
5517,43,235
5518,59,220
5519,55,340
5520,50,223
5521,47,191
5522,50,290
5523,57,255
5524,52,242
5525,40,311
5526,50,354
5527,59,289
5528,53,321
5529,49,214
5530,62,376
5531,49,315
5532,55,441
5533,50,226
5534,52,446
5535,59,408
5536,38,210
5537,47,324
5538,48,271
5539,51,510
5540,57,385
5541,56,351
5542,52,273
5543,64,274
5544,54,274
5545,48,205
5546,45,179
5547,52,284
5548,52,262
5549,53,306
5550,60,333
5551,47,224
5552,57,311
5553,44,221
5554,45,309
5555,63,434
5556,53,272
5557,51,265
5558,47,372
5559,47,175
5560,52,257
5561,54,310
5562,51,326
5563,50,264
5564,58,384
5565,51,221
5566,62,224
5567,49,298
5568,51,249
5569,35,149
5570,53,284
5571,48,301
5572,50,259
5573,44,253
5574,49,233
5575,50,300
5576,56,404
5577,48,303
5578,47,245
5579,52,297
5580,46,223
5581,58,237
5582,42,164
5583,51,221
5584,44,275
5585,55,302
5586,50,329
5587,63,266
5588,46,274
5589,49,248
5590,53,249
5591,48,520
5592,45,168
5593,51,368
5594,49,200
5595,53,390
5596,57,304
5597,55,244
5598,52,247
5599,53,309
5600,55,226
5601,48,189
5602,54,353
5603,46,286
5604,55,243
5605,56,248
5606,57,233
5607,50,385
5608,47,244
5609,51,391
5610,47,305
5611,52,265
5612,51,289
5613,59,212
5614,54,420
5615,50,397
5616,44,312
5617,48,241
5618,55,254
5619,52,274
5620,54,193
5621,46,229
5622,53,212
5623,67,469
5624,53,299
5625,58,297
5626,46,201
5627,55,498
5628,58,264
5629,36,202
5630,42,292
5631,52,292
5632,45,182
5633,43,258
5634,48,454
5635,56,264
5636,49,263
5637,50,451
5638,49,281
5639,50,271
5640,58,490
5641,55,220
5642,50,224
5643,59,298
5644,51,311
5645,47,239
5646,44,268
5647,44,218
5648,49,345
5649,63,537
5650,48,293
5651,55,365
5652,56,325
5653,47,238
5654,44,291
5655,48,233
5656,53,293
5657,54,310
5658,50,195
5659,43,222
5660,47,336
5661,60,263
5662,47,239
5663,51,344
5664,57,389
5665,49,257
5666,53,234
5667,51,242
5668,52,232
5669,44,199
5670,49,251
5671,55,238
5672,42,177
5673,54,287
5674,45,232
5675,56,242
5676,50,254
5677,48,208
5678,52,228
5679,54,227
5680,53,206
5681,48,299
5682,51,287
5683,53,313
5684,51,256
5685,40,176
5686,50,295
5687,52,293
5688,55,298
5689,55,225
5690,51,293
5691,50,179
5692,58,200
5693,48,257
5694,48,255
5695,46,247
5696,48,340
5697,44,193
5698,54,449
5699,51,422
5700,44,405
5701,49,217
5702,43,291
5703,44,186
5704,48,142
5705,47,229
5706,60,306
5707,49,236
5708,58,295
5709,58,367
5710,61,374
5711,45,247
5712,46,252
5713,47,314
5714,44,174
5715,50,285
5716,55,260
5717,50,374
5718,62,513
5719,47,207
5720,50,320
5721,49,206
5722,65,292
5723,46,414
5724,53,401
5725,60,270
5726,50,267
5727,51,286
5728,48,262
5729,56,267
5730,53,226
5731,47,205
5732,51,250
5733,50,206
5734,48,195
5735,47,322
5736,42,239
5737,45,232
5738,51,258
5739,45,199
5740,55,345
5741,48,234
5742,50,225
5743,49,326
5744,43,178
5745,46,225
5746,52,263
5747,53,249
5748,61,576
5749,50,243
5750,49,337
5751,51,358
5752,51,288
5753,58,292
5754,56,397
5755,48,192
5756,56,250
5757,52,302
5758,42,174
5759,53,321
5760,55,262
5761,48,320
5762,42,221
5763,41,215
5764,47,354
5765,49,491
5766,54,301
5767,52,319
5768,47,383
5769,45,257
5770,50,357
5771,43,194
5772,57,331
5773,56,339
5774,46,234
5775,52,283
5776,54,270
5777,49,290
5778,56,247
5779,51,316
5780,51,392
5781,48,230
5782,52,336
5783,58,404
5784,45,231
5785,47,190
5786,51,260
5787,45,201
5788,49,248
5789,48,382
5790,50,181
5791,53,271
5792,45,268
5793,46,324
5794,46,292
5795,46,311
5796,60,313
5797,56,318
5798,53,287
5799,44,215
5800,47,317
5801,44,298
5802,56,420
5803,40,219
5804,40,219
5805,52,296
5806,44,281
5807,61,391
5808,55,247
5809,46,194
5810,56,356
5811,51,209
5812,40,323
5813,54,298
5814,47,343
5815,53,322
5816,52,220
5817,47,244
5818,44,251
5819,50,353
5820,50,301
5821,50,215
5822,55,435
5823,51,213
5824,52,268
5825,51,274
5826,56,299
5827,57,295
5828,49,258
5829,44,273
5830,56,255
5831,54,316
5832,48,362
5833,50,385
5834,42,238
5835,54,253
5836,52,290
5837,49,356
5838,45,254
5839,47,157
5840,46,228
5841,38,216
5842,42,203
5843,45,162
5844,63,274
5845,49,253
5846,56,614
5847,52,267
5848,62,246
5849,63,260
5850,44,142
5851,50,258
5852,50,223
5853,49,240
5854,52,293
5855,48,276
5856,49,329
5857,46,185
5858,49,280
5859,47,267
5860,55,339
5861,50,268
5862,44,195
5863,51,256
5864,39,161
5865,57,258
5866,49,217
5867,43,234
5868,58,561
5869,51,276
5870,56,278
5871,53,302
5872,55,239
5873,41,474
5874,47,250
5875,51,300
5876,61,372
5877,57,354
5878,63,267
5879,55,190
5880,51,315
5881,48,367
5882,53,312
5883,61,328
5884,58,213
5885,48,258
5886,47,342
5887,56,281
5888,42,324
5889,56,473
5890,53,378
5891,57,395
5892,56,264
5893,57,369
5894,56,215
5895,52,393
5896,51,211
5897,54,363
5898,49,251
5899,47,242
5900,53,271
5901,58,321
5902,58,377
5903,45,203
5904,49,215
5905,45,233
5906,48,328
5907,51,433
5908,52,474
5909,52,305
5910,47,189
5911,49,286
5912,60,244
5913,44,190
5914,45,206
5915,53,316
5916,47,246
5917,47,337
5918,56,258
5919,54,376
5920,52,242
5921,43,253
5922,62,279
5923,49,237
5924,52,268
5925,52,349
5926,53,236
5927,57,340
5928,46,537
5929,56,247
5930,52,254
5931,44,283
5932,51,337
5933,45,326
5934,44,221
5935,50,203
5936,61,385
5937,52,297
5938,50,363
5939,50,272
5940,50,501
5941,49,245
5942,47,187
5943,45,159
5944,43,295
5945,47,260
5946,49,268
5947,48,289
5948,56,314
5949,48,249
5950,55,206
5951,49,267
5952,44,259
5953,51,270
5954,44,204
5955,46,266
5956,49,347
5957,55,287
5958,57,386
5959,51,197
5960,55,529
5961,45,224
5962,43,210
5963,53,444
5964,49,333
5965,46,237
5966,43,317
5967,49,269
5968,59,301
5969,53,271
5970,53,406
5971,49,244
5972,59,290
5973,51,192
5974,60,344
5975,48,245
5976,49,312
5977,55,334
5978,47,268
5979,52,277
5980,47,238
5981,50,209
5982,46,324
5983,52,324
5984,51,439
5985,47,268
5986,46,280
5987,45,222
5988,53,291
5989,55,231
5990,55,269
5991,51,260
5992,58,306
5993,54,231
5994,40,207
5995,58,332
5996,46,279
5997,47,208
5998,45,256
5999,51,243
6000,47,197
6001,53,314
6002,50,282
6003,51,306
6004,56,222
6005,42,361
6006,58,240
6007,55,181
6008,58,241
6009,52,180
6010,53,222
6011,56,316
6012,55,287
6013,57,282
6014,49,252
6015,57,265
6016,52,435
6017,54,422
6018,54,254
6019,60,284
6020,53,289
6021,52,335
6022,48,219
6023,57,270
6024,63,300
6025,57,382
6026,43,256
6027,52,201
6028,52,223
6029,50,260
6030,58,352
6031,48,265
6032,49,222
6033,50,261
6034,48,332
6035,47,208
6036,50,270
6037,57,258
6038,50,309
6039,58,216
6040,42,347
6041,44,222
6042,48,375
6043,55,267
6044,44,180
6045,46,178
6046,51,318
6047,47,277
6048,53,217
6049,49,270
6050,53,266
6051,52,417
6052,44,213
6053,49,238
6054,52,216
6055,52,251
6056,52,284
6057,48,267
6058,47,352
6059,47,211
6060,55,195
6061,49,249
6062,57,414
6063,55,241
6064,56,206
6065,55,263
6066,55,236
6067,56,304
6068,50,316
6069,52,306
6070,53,257
6071,50,221
6072,47,520
6073,41,164
6074,53,290
6075,58,295
6076,63,337
6077,48,237
6078,62,387
6079,65,346
6080,53,237
6081,43,219
6082,50,218
6083,38,152
6084,41,198
6085,52,277
6086,54,251
6087,48,255
6088,48,292
6089,43,176
6090,48,225
6091,54,244
6092,49,209
6093,50,200
6094,55,397
6095,46,237
6096,49,236
6097,50,228
6098,54,259
6099,64,313
6100,40,169
6101,57,274
6102,55,289
6103,43,181
6104,45,403
6105,46,260
6106,47,213
6107,53,358
6108,63,342
6109,53,230
6110,49,367
6111,58,328
6112,45,297
6113,53,224
6114,43,239
6115,49,316
6116,54,245
6117,51,352
6118,49,225
6119,57,238
6120,48,177
6121,53,288
6122,51,252
6123,52,234
6124,56,362
6125,45,181
6126,56,363
6127,58,345
6128,42,186
6129,52,235
6130,45,200
6131,54,358
6132,41,303
6133,55,289
6134,53,311
6135,59,498
6136,51,243
6137,62,339
6138,51,524
6139,68,360
6140,48,270
6141,45,348
6142,49,237
6143,53,236
6144,45,398
6145,50,321
6146,49,334
6147,47,345
6148,43,223
6149,46,273
6150,51,275
6151,53,334
6152,50,199
6153,51,247
6154,44,280
6155,51,234
6156,52,340
6157,56,277
6158,44,219
6159,42,184
6160,55,205
6161,50,193
6162,51,268
6163,49,239
6164,45,447
6165,46,285
6166,48,286
6167,50,261
6168,47,275
6169,53,403
6170,51,240
6171,48,372
6172,44,203
6173,49,201
6174,56,225
6175,52,278
6176,49,320
6177,54,229
6178,47,176
6179,53,316
6180,45,350
6181,57,247
6182,44,187
6183,59,369
6184,52,245
6185,58,417
6186,48,223
6187,50,382
6188,58,394
6189,57,277
6190,49,336
6191,45,258
6192,48,338
6193,56,325
6194,49,306
6195,58,289
6196,57,269
6197,62,334
6198,54,283
6199,51,230
6200,51,274
6201,49,222
6202,53,330
6203,51,305
6204,59,215
6205,49,255
6206,57,343
6207,51,449
6208,45,215
6209,54,270
6210,68,333
6211,56,317
6212,56,276
6213,46,183
6214,46,193
6215,51,243
6216,45,259
6217,48,260
6218,39,325
6219,45,311
6220,60,322
6221,50,282
6222,52,241
6223,47,206
6224,62,340
6225,53,241
6226,47,244
6227,51,357
6228,59,438
6229,45,223
6230,52,303
6231,41,205
6232,45,288
6233,56,331
6234,49,258
6235,44,334
6236,42,152
6237,56,229
6238,57,256
6239,54,316
6240,58,268
6241,49,243
6242,55,259
6243,47,235
6244,55,236
6245,51,236
6246,42,484
6247,49,254
6248,53,405
6249,58,220
6250,48,222
6251,63,295
6252,46,298
6253,56,250
6254,48,304
6255,60,251
6256,50,267
6257,45,299
6258,48,229
6259,43,193
6260,50,279
6261,55,314
6262,52,272
6263,51,245
6264,41,217
6265,52,289
6266,53,235
6267,58,375
6268,51,254
6269,49,286
6270,59,257
6271,61,383
6272,57,356
6273,49,343
6274,61,286
6275,56,317
6276,43,221
6277,45,288
6278,53,284
6279,57,629
6280,43,194
6281,48,213
6282,55,335
6283,54,380
6284,60,430
6285,46,390
6286,53,266
6287,50,282
6288,53,299
6289,46,240
6290,50,344
6291,36,164
6292,53,338
6293,46,302
6294,44,191
6295,52,290
6296,47,233
6297,43,240
6298,55,276
6299,43,262
6300,44,191
6301,53,333
6302,59,354
6303,54,256
6304,46,221
6305,50,227
6306,55,249
6307,52,335
6308,54,322
6309,50,208
6310,51,293
6311,50,314
6312,46,262
6313,48,206
6314,46,268
6315,47,207
6316,49,348
6317,45,191
6318,43,152
6319,56,357
6320,47,311
6321,51,212
6322,55,331
6323,50,223
6324,37,180
6325,48,261
6326,44,415
6327,54,247
6328,53,262
6329,48,419
6330,46,287
6331,44,183
6332,51,292
6333,57,274
6334,54,210
6335,58,378
6336,47,214
6337,50,251
6338,54,220
6339,53,244
6340,52,306
6341,53,288
6342,49,217
6343,57,286
6344,49,216
6345,45,189
6346,42,164
6347,56,297
6348,64,455
6349,53,387
6350,52,256
6351,60,302
6352,48,225
6353,52,333
6354,48,236
6355,49,262
6356,55,212
6357,52,223
6358,49,242
6359,47,233
6360,59,399
6361,60,264
6362,53,243
6363,53,310
6364,51,343
6365,50,484
6366,55,245
6367,46,315
6368,57,284
6369,47,227
6370,51,314
6371,45,217
6372,53,336
6373,47,256
6374,48,255
6375,46,317
6376,45,301
6377,59,341
6378,57,316
6379,45,243
6380,48,328
6381,47,317
6382,45,294
6383,46,221
6384,52,288
6385,48,257
6386,53,251
6387,43,196
6388,51,196
6389,51,220
6390,45,215
6391,50,189
6392,51,258
6393,51,359
6394,45,295
6395,45,306
6396,52,327
6397,51,363
6398,58,310
6399,52,361
6400,57,380
6401,54,378
6402,54,336
6403,40,183
6404,55,307
6405,45,205
6406,49,269
6407,52,235
6408,56,224
6409,48,264
6410,52,235
6411,48,388
6412,53,394
6413,54,195
6414,43,326
6415,39,179
6416,53,443
6417,57,263
6418,54,240
6419,41,233
6420,43,176
6421,59,414
6422,52,264
6423,41,152
6424,58,297
6425,49,246
6426,59,225
6427,38,200
6428,49,258
6429,53,405
6430,47,234
6431,43,256
6432,50,462
6433,40,276
6434,62,636
6435,46,339
6436,49,337
6437,50,182
6438,53,275
6439,44,289
6440,51,253
6441,55,405
6442,40,165
6443,49,329
6444,40,155
6445,41,218
6446,52,195
6447,52,360
6448,52,232
6449,49,416
6450,54,236
6451,57,374
6452,53,266
6453,59,332
6454,48,232
6455,59,219
6456,54,381
6457,48,237
6458,54,296
6459,46,228
6460,50,369
6461,40,151
6462,60,449
6463,44,457
6464,58,264
6465,47,266
6466,55,255
6467,54,247
6468,59,416
6469,56,253
6470,46,194
6471,54,297
6472,53,220
6473,56,280
6474,49,253
6475,48,258
6476,41,208
6477,42,301
6478,58,276
6479,54,309
6480,41,260
6481,48,216
6482,42,211
6483,55,256
6484,60,550
6485,58,378
6486,46,226
6487,58,436
6488,59,400
6489,51,213
6490,47,277
6491,55,287
6492,46,247
6493,56,370
6494,64,388
6495,49,265
6496,47,181
6497,57,260
6498,45,202
6499,66,293
6500,49,303
6501,55,325
6502,51,254
6503,54,257
6504,48,277
6505,44,225
6506,52,277
6507,54,336
6508,49,403
6509,55,244
6510,48,213
6511,50,249
6512,54,330
6513,54,232
6514,51,304
6515,49,289
6516,47,238
6517,64,379
6518,60,330
6519,42,348
6520,49,268
6521,52,294
6522,40,157
6523,53,283
6524,46,298
6525,51,360
6526,62,582
6527,46,470
6528,52,281
6529,60,280
6530,48,245
6531,50,276
6532,56,336
6533,46,325
6534,48,445
6535,54,255
6536,52,324
6537,59,495
6538,50,233
6539,50,228
6540,45,229
6541,49,262
6542,49,216
6543,47,186
6544,42,180
6545,50,316
6546,61,323
6547,52,318
6548,51,359
6549,46,318
6550,49,198
6551,49,242
6552,46,430
6553,54,232
6554,53,250
6555,55,286
6556,48,240
6557,64,412
6558,44,249
6559,54,293
6560,53,269
6561,46,217
6562,47,161
6563,48,245
6564,59,330
6565,49,263
6566,54,242
6567,51,394
6568,43,182
6569,48,190
6570,51,247
6571,47,196
6572,39,346
6573,52,279
6574,57,369
6575,44,155
6576,39,200
6577,49,353
6578,46,287
6579,59,336
6580,51,341
6581,45,273
6582,54,268
6583,71,523
6584,44,336
6585,63,557
6586,55,406
6587,46,239
6588,50,238
6589,56,249
6590,53,230
6591,49,199
6592,57,284
6593,50,290
6594,55,252
6595,47,339
6596,52,301
6597,56,245
6598,51,313
6599,54,304
6600,57,308
6601,52,293
6602,54,266
6603,48,286
6604,54,323
6605,46,214
6606,56,226
6607,52,233
6608,46,413
6609,54,245
6610,48,202
6611,47,230
6612,49,259
6613,47,265
6614,41,296
6615,54,300
6616,49,295
6617,52,295
6618,51,305
6619,44,243
6620,51,372
6621,49,234
6622,43,281
6623,41,276
6624,54,349
6625,60,458
6626,53,294
6627,54,258
6628,51,418
6629,49,247
6630,46,226
6631,55,243
6632,44,213
6633,54,250
6634,49,271
6635,54,256
6636,58,281
6637,49,252
6638,41,235
6639,46,205
6640,53,275
6641,56,307
6642,51,282
6643,44,228
6644,44,351
6645,54,284
6646,51,284
6647,41,156
6648,43,164
6649,47,402
6650,51,254
6651,62,285
6652,54,266
6653,48,204
6654,55,251
6655,48,260
6656,59,291
6657,61,319
6658,48,234
6659,57,305
6660,53,223
6661,46,279
6662,51,318
6663,58,287
6664,57,259
6665,56,351
6666,58,266
6667,54,466
6668,52,315
6669,57,245
6670,51,298
6671,48,339
6672,51,347
6673,41,267
6674,55,524
6675,52,222
6676,51,480
6677,51,240
6678,57,514
6679,57,400
6680,55,178
6681,52,267
6682,60,417
6683,52,364
6684,49,280
6685,49,341
6686,50,444
6687,48,195
6688,54,227
6689,48,148
6690,60,766
6691,51,427
6692,56,272
6693,47,330
6694,56,533
6695,59,278
6696,52,252
6697,44,391
6698,45,188
6699,51,247
6700,49,228
6701,40,216
6702,56,359
6703,54,214
6704,59,265
6705,55,243
6706,51,281
6707,61,534
6708,42,185
6709,60,324
6710,47,297
6711,50,291
6712,48,310
6713,52,265
6714,60,406
6715,50,254
6716,56,263
6717,52,231
6718,56,469
6719,60,456
6720,56,247
6721,49,233
6722,45,448
6723,54,294
6724,49,269
6725,50,237
6726,48,223
6727,39,268
6728,49,384
6729,58,311
6730,58,242
6731,46,311
6732,49,255
6733,51,235
6734,47,206
6735,50,414
6736,46,222
6737,46,128
6738,57,213
6739,38,307
6740,54,370
6741,45,184
6742,48,159
6743,48,283
6744,49,241
6745,53,255
6746,47,278
6747,48,317
6748,60,364
6749,54,214
6750,48,279
6751,49,234
6752,50,226
6753,61,573
6754,47,186
6755,47,213
6756,36,145
6757,51,306
6758,51,209
6759,56,292
6760,45,280
6761,46,221
6762,51,323
6763,50,300
6764,55,236
6765,42,181
6766,54,269
6767,48,231
6768,57,336
6769,50,511
6770,41,217
6771,59,318
6772,53,227
6773,51,313
6774,52,282
6775,43,252
6776,49,311
6777,52,318
6778,61,257
6779,55,359
6780,48,231
6781,60,369
6782,49,273
6783,56,277
6784,55,392
6785,56,243
6786,53,243
6787,55,316
6788,63,385
6789,56,256
6790,60,240
6791,56,324
6792,48,270
6793,47,302
6794,54,238
6795,57,241
6796,43,302
6797,51,290
6798,49,285
6799,50,286
6800,59,253
6801,52,261
6802,43,191
6803,48,329
6804,52,277
6805,51,345
6806,57,267
6807,49,282
6808,58,286
6809,43,228
6810,45,205
6811,51,277
6812,50,285
6813,43,166
6814,65,506
6815,51,292
6816,51,485
6817,45,200
6818,56,222
6819,53,221
6820,41,193
6821,48,223
6822,54,272
6823,54,518
6824,54,246
6825,51,313
6826,40,221
6827,54,265
6828,53,208
6829,48,230
6830,59,239
6831,56,251
6832,60,442
6833,46,227
6834,55,269
6835,59,290
6836,55,296
6837,55,209
6838,45,272
6839,48,311
6840,51,253
6841,46,306
6842,48,236
6843,48,267
6844,58,333
6845,52,302
6846,54,249
6847,58,214
6848,56,258
6849,42,302
6850,50,269
6851,48,254
6852,43,350
6853,44,201
6854,47,220
6855,50,340
6856,56,372
6857,57,337
6858,42,177
6859,51,149
6860,62,425
6861,61,309
6862,42,203
6863,59,364
6864,57,270
6865,40,269
6866,54,327
6867,52,292
6868,45,206
6869,55,462
6870,51,263
6871,39,145
6872,53,250
6873,53,216
6874,58,397
6875,56,338
6876,48,213
6877,61,297
6878,50,281
6879,47,322
6880,52,287
6881,58,343
6882,56,415
6883,54,248
6884,56,242
6885,59,271
6886,54,414
6887,53,237
6888,44,228
6889,51,307
6890,60,349
6891,51,288
6892,46,319
6893,54,355
6894,43,238
6895,54,215
6896,49,311
6897,57,295
6898,54,230
6899,51,323
6900,55,309
6901,46,179
6902,55,248
6903,53,338
6904,58,279
6905,41,266
6906,50,439
6907,47,527
6908,51,218
6909,52,248
6910,45,258
6911,43,278
6912,46,212
6913,62,253
6914,49,190
6915,47,303
6916,52,244
6917,59,375
6918,49,226
6919,47,261
6920,51,309
6921,46,146
6922,50,248
6923,54,210
6924,43,285
6925,46,167
6926,51,232
6927,50,369
6928,48,306
6929,58,497
6930,48,259
6931,43,188
6932,56,255
6933,61,345
6934,54,214
6935,43,209
6936,46,205
6937,52,172
6938,54,584
6939,45,312
6940,42,232
6941,50,244
6942,41,228
6943,53,218
6944,48,285
6945,52,249
6946,52,407
6947,47,216
6948,45,263
6949,49,258
6950,48,213
6951,45,241
6952,47,205
6953,48,250
6954,39,299
6955,52,348
6956,53,323
6957,46,268
6958,63,327
6959,48,249
6960,50,400
6961,60,295
6962,56,243
6963,47,227
6964,48,412
6965,56,332
6966,41,175
6967,61,411
6968,44,373
6969,50,273
6970,50,272
6971,58,435
6972,46,289
6973,53,202
6974,52,422
6975,43,197
6976,51,340
6977,58,265
6978,55,370
6979,50,243
6980,64,426
6981,42,243
6982,64,498
6983,51,328
6984,49,312
6985,45,178
6986,50,281
6987,45,313
6988,54,526
6989,52,263
6990,50,238
6991,48,196
6992,46,293
6993,49,242
6994,53,242
6995,60,350
6996,50,671
6997,56,323
6998,49,324
6999,54,299
7000,51,354
7001,51,353
7002,52,351
7003,57,493
7004,43,187
7005,56,514
7006,61,422
7007,55,222
7008,48,240
7009,55,296
7010,48,268
7011,39,139
7012,44,238
7013,51,260
7014,40,214
7015,59,323
7016,49,308
7017,58,339
7018,57,392
7019,52,361
7020,54,261
7021,36,186
7022,50,240
7023,46,404
7024,55,340
7025,56,308
7026,43,163
7027,46,307
7028,47,249
7029,49,188
7030,53,367
7031,50,332
7032,45,216
7033,46,268
7034,49,231
7035,46,182
7036,45,219
7037,57,220
7038,47,271
7039,49,279
7040,44,371
7041,55,360
7042,49,223
7043,55,333
7044,50,313
7045,44,226
7046,51,275
7047,46,238
7048,50,253
7049,51,319
7050,62,366
7051,55,383
7052,51,258
7053,45,144
7054,58,265
7055,50,252
7056,56,462
7057,53,319
7058,48,333
7059,49,384
7060,56,334
7061,54,388
7062,50,329
7063,41,171
7064,49,288
7065,56,302
7066,55,228
7067,56,374
7068,49,203
7069,49,211
7070,53,234
7071,55,475
7072,53,240
7073,42,217
7074,61,456
7075,41,187
7076,55,348
7077,59,273
7078,50,214
7079,48,367
7080,67,287
7081,56,506
7082,44,236
7083,57,306
7084,53,249
7085,49,294
7086,54,238
7087,45,255
7088,51,287
7089,56,269
7090,49,349
7091,60,214
7092,44,283
7093,50,236
7094,52,203
7095,50,217
7096,46,345
7097,48,342
7098,56,272
7099,46,501
7100,43,241
7101,48,153
7102,54,349
7103,53,394
7104,53,239
7105,43,198
7106,55,315
7107,49,280
7108,55,262
7109,45,343
7110,55,231
7111,49,213
7112,40,223
7113,48,313
7114,57,315
7115,41,160
7116,57,268
7117,65,374
7118,46,140
7119,53,296
7120,54,263
7121,51,370
7122,56,310
7123,53,559
7124,52,242
7125,53,320
7126,61,347
7127,46,243
7128,56,394
7129,52,277
7130,55,288
7131,47,165
7132,48,253
7133,55,317
7134,52,340
7135,46,218
7136,50,367
7137,42,156
7138,56,246
7139,46,261
7140,45,375
7141,50,236
7142,43,255
7143,59,386
7144,45,458
7145,51,294
7146,45,224
7147,51,217
7148,49,198
7149,54,252
7150,57,248
7151,50,240
7152,49,225
7153,48,251
7154,48,248
7155,53,206
7156,47,200
7157,47,370
7158,54,413
7159,48,223
7160,47,190
7161,61,419
7162,58,406
7163,49,315
7164,56,293
7165,46,206
7166,43,195
7167,54,202
7168,47,423
7169,52,240
7170,57,272
7171,54,221
7172,51,299
7173,48,241
7174,49,353
7175,43,328
7176,57,274
7177,57,300
7178,49,340
7179,50,315
7180,67,376
7181,57,362
7182,53,288
7183,41,243
7184,43,232
7185,48,289
7186,55,217
7187,57,424
7188,48,186
7189,40,140
7190,47,284
7191,58,341
7192,60,305
7193,55,257
7194,59,463
7195,45,226
7196,52,284
7197,60,282
7198,50,199
7199,52,323
7200,54,452
7201,46,348
7202,59,265
7203,46,192
7204,44,236
7205,46,157
7206,51,266
7207,50,200
7208,46,186
7209,56,208
7210,55,353
7211,53,348
7212,55,233
7213,51,209
7214,58,299
7215,50,224
7216,48,250
7217,50,274
7218,59,381
7219,52,280
7220,47,272
7221,58,299
7222,47,231
7223,45,399
7224,37,186
7225,56,197
7226,56,492
7227,46,439
7228,60,344
7229,51,257
7230,46,253
7231,56,344
7232,52,361
7233,51,336
7234,60,262
7235,54,227
7236,51,193
7237,51,311
7238,47,289
7239,51,229
7240,59,374
7241,58,302
7242,50,222
7243,51,209
7244,42,231
7245,43,233
7246,51,268
7247,52,253
7248,49,299
7249,53,303
7250,53,336
7251,48,458
7252,55,377
7253,52,837
7254,54,239
7255,57,295
7256,48,258
7257,48,267
7258,49,251
7259,49,289
7260,52,457
7261,47,306
7262,49,250
7263,49,198
7264,51,343
7265,50,329
7266,43,221
7267,61,291
7268,46,196
7269,43,324
7270,61,305
7271,44,207
7272,57,227
7273,52,250
7274,55,260
7275,54,231
7276,54,338
7277,53,227
7278,49,213
7279,53,419
7280,55,230
7281,51,250
7282,54,305
7283,55,244
7284,57,415
7285,56,378
7286,54,228
7287,47,211
7288,46,207
7289,57,288
7290,58,290
7291,46,249
7292,56,261
7293,44,363
7294,47,234
7295,51,242
7296,51,258
7297,58,336
7298,46,276
7299,53,318
7300,46,325
7301,51,349
7302,53,252
7303,49,271
7304,45,173
7305,53,248
7306,48,208
7307,44,195
7308,53,368
7309,43,347
7310,54,360
7311,45,278
7312,42,240
7313,36,205
7314,55,278
7315,48,256
7316,52,207
7317,50,244
7318,45,167
7319,47,251
7320,51,350
7321,49,229
7322,48,197
7323,52,214
7324,54,225
7325,57,188
7326,63,271
7327,53,266
7328,60,385
7329,56,328
7330,46,226
7331,47,205
7332,50,233
7333,45,300
7334,48,230
7335,50,406
7336,54,318
7337,50,236
7338,38,149
7339,50,339
7340,43,255
7341,56,341
7342,49,197
7343,50,264
7344,40,204
7345,43,219
7346,52,336
7347,56,283
7348,51,259
7349,44,201
7350,48,266
7351,47,211
7352,48,209
7353,48,207
7354,50,261
7355,43,193
7356,58,303
7357,57,307
7358,47,233
7359,32,168
7360,51,283
7361,49,378
7362,52,354
7363,53,340
7364,45,175
7365,50,202
7366,52,269
7367,42,187
7368,61,257
7369,51,267
7370,46,268
7371,54,335
7372,54,399
7373,37,174
7374,46,213
7375,67,470
7376,51,211
7377,50,280
7378,55,316
7379,41,139
7380,53,292
7381,59,273
7382,45,292
7383,52,224
7384,61,296
7385,53,481
7386,53,299
7387,55,306
7388,49,244
7389,52,258
7390,54,244
7391,53,209
7392,49,219
7393,52,215
7394,54,320
7395,54,289
7396,48,212
7397,43,190
7398,49,276
7399,47,388
7400,39,178
7401,54,226
7402,52,263
7403,46,376
7404,66,477
7405,46,262
7406,63,400
7407,64,378
7408,43,356
7409,51,244
7410,37,177
7411,45,191
7412,47,252
7413,49,250
7414,54,378
7415,54,314
7416,45,230
7417,53,309
7418,50,331
7419,63,245
7420,48,535
7421,54,340
7422,55,360
7423,59,261
7424,45,180
7425,48,311
7426,56,327
7427,48,251
7428,55,208
7429,58,294
7430,46,254
7431,48,313
7432,45,162
7433,46,291
7434,46,197
7435,54,385
7436,53,235
7437,57,275
7438,53,283
7439,51,346
7440,59,273
7441,51,346
7442,53,409
7443,51,247
7444,48,300
7445,43,322
7446,56,325
7447,58,315
7448,52,299
7449,40,219
7450,48,258
7451,54,273
7452,54,321
7453,49,376
7454,47,301
7455,52,222
7456,50,224
7457,59,262
7458,52,250
7459,45,149
7460,51,200
7461,49,445
7462,67,349
7463,57,272
7464,42,195
7465,52,240
7466,54,284
7467,45,215
7468,57,368
7469,52,304
7470,52,299
7471,49,326
7472,47,395
7473,42,150
7474,48,227
7475,53,429
7476,51,222
7477,48,334
7478,56,265
7479,41,186
7480,47,279
7481,48,165
7482,55,259
7483,57,253
7484,54,240
7485,57,468
7486,39,272
7487,45,235
7488,55,544
7489,61,249
7490,42,151
7491,55,399
7492,52,299
7493,47,193
7494,59,265
7495,47,296
7496,58,253
7497,48,211
7498,51,237
7499,54,330
7500,55,346
7501,45,169
7502,51,217
7503,47,304
7504,47,172
7505,48,210
7506,46,230
7507,47,253
7508,45,209
7509,55,219
7510,50,304
7511,54,253
7512,54,221
7513,42,212
7514,44,450
7515,44,202
7516,57,389
7517,59,470
7518,44,167
7519,56,319
7520,52,207
7521,55,371
7522,43,319
7523,53,245
7524,39,192
7525,54,262
7526,48,199
7527,61,302
7528,48,180
7529,52,290
7530,56,260
7531,55,285
7532,57,323
7533,50,200
7534,51,233
7535,42,339
7536,48,405
7537,49,311
7538,54,312
7539,44,182
7540,63,288
7541,41,172
7542,41,197
7543,58,325
7544,53,243
7545,41,189
7546,56,272
7547,54,310
7548,48,218
7549,43,320
7550,47,232
7551,53,284
7552,57,334
7553,54,300
7554,52,253
7555,57,411
7556,43,175
7557,50,273
7558,41,168
7559,56,282
7560,45,184
7561,47,234
7562,47,212
7563,51,249
7564,45,306
7565,51,193
7566,50,341
7567,48,246
7568,54,249
7569,55,344
7570,54,257
7571,54,269
7572,49,182
7573,48,186
7574,57,389
7575,50,247
7576,45,249
7577,54,227
7578,49,233
7579,46,212
7580,44,223
7581,58,290
7582,46,245
7583,46,298
7584,44,231
7585,45,186
7586,52,237
7587,52,323
7588,58,302
7589,49,209
7590,54,215
7591,57,387
7592,57,232
7593,42,258
7594,47,239
7595,53,242
7596,59,412
7597,52,384
7598,61,352
7599,49,268
7600,53,245
7601,53,270
7602,50,296
7603,43,192
7604,49,283
7605,60,717
7606,55,258
7607,54,395
7608,53,334
7609,50,229
7610,52,335
7611,44,196
7612,57,302
7613,54,223
7614,46,246
7615,42,192
7616,47,170
7617,56,400
7618,53,379
7619,58,312
7620,43,226
7621,53,303
7622,53,210
7623,60,407
7624,51,257
7625,45,293
7626,48,307
7627,51,254
7628,58,300
7629,54,443
7630,56,228
7631,49,207
7632,46,209
7633,58,394
7634,54,216
7635,48,236
7636,49,287
7637,52,239
7638,50,212
7639,56,303
7640,52,236
7641,49,327
7642,48,261
7643,48,294
7644,65,447
7645,49,290
7646,45,214
7647,49,360
7648,51,325
7649,47,215
7650,54,266
7651,45,213
7652,45,286
7653,52,310
7654,58,256
7655,48,263
7656,57,269
7657,58,275
7658,41,183
7659,58,336
7660,53,202
7661,56,661
7662,57,319
7663,48,323
7664,49,312
7665,53,174
7666,55,303
7667,54,287
7668,51,244
7669,48,301
7670,49,172
7671,42,266
7672,51,282
7673,54,312
7674,53,297
7675,53,246
7676,54,241
7677,50,194
7678,52,312
7679,55,322
7680,50,294
7681,42,235
7682,52,305
7683,49,165
7684,46,283
7685,55,327
7686,47,231
7687,49,271
7688,42,291
7689,45,212
7690,59,388
7691,55,386
7692,51,316
7693,58,256
7694,65,347
7695,60,421
7696,50,234
7697,43,229
7698,53,206
7699,45,204
7700,47,616
7701,54,215
7702,52,330
7703,53,381
7704,45,187
7705,60,280
7706,53,289
7707,51,302
7708,49,270
7709,46,225
7710,60,407
7711,52,274
7712,57,368
7713,53,244
7714,57,323
7715,47,274
7716,65,612
7717,48,294
7718,57,281
7719,36,149
7720,52,485
7721,44,252
7722,58,265
7723,49,375
7724,54,263
7725,42,228
7726,51,281
7727,48,263
7728,46,235
7729,45,210
7730,48,352
7731,42,472
7732,56,289
7733,62,313
7734,59,356
7735,57,350
7736,42,180
7737,50,227
7738,48,151
7739,48,246
7740,57,330
7741,52,495
7742,50,320
7743,42,247
7744,51,242
7745,56,346
7746,53,460
7747,47,178
7748,53,323
7749,46,258
7750,57,253
7751,50,353
7752,62,370
7753,60,377
7754,65,357
7755,41,155
7756,51,157
7757,41,203
7758,56,317
7759,48,229
7760,54,312
7761,56,319
7762,43,195
7763,49,220
7764,51,221
7765,48,212
7766,55,300
7767,50,262
7768,53,286
7769,59,327
7770,46,329
7771,60,395
7772,55,274
7773,52,314
7774,54,222
7775,61,386
7776,41,164
7777,56,239
7778,43,172
7779,51,240
7780,45,260
7781,57,382
7782,50,300
7783,49,359
7784,58,290
7785,60,279
7786,44,255
7787,60,253
7788,56,219
7789,49,236
7790,51,275
7791,50,239
7792,54,357
7793,50,215
7794,64,398
7795,60,369
7796,59,300
7797,48,275
7798,61,315
7799,61,402
7800,57,210
7801,58,296
7802,58,420
7803,51,327
7804,46,191
7805,49,223
7806,49,285
7807,40,222
7808,43,184
7809,39,219
7810,54,256
7811,50,351
7812,58,242
7813,50,310
7814,57,265
7815,52,179
7816,56,268
7817,47,236
7818,49,167
7819,47,370
7820,52,288
7821,53,250
7822,50,397
7823,54,307
7824,40,252
7825,62,319
7826,56,392
7827,49,210
7828,45,249
7829,48,250
7830,55,294
7831,49,212
7832,54,307
7833,48,247
7834,55,250
7835,47,241
7836,49,247
7837,48,197
7838,49,420
7839,43,211
7840,55,203
7841,53,464
7842,54,348
7843,43,198
7844,48,223
7845,54,401
7846,54,401
7847,62,272
7848,53,313
7849,49,464
7850,41,269
7851,46,210
7852,42,269
7853,49,335
7854,52,365
7855,48,356
7856,55,269
7857,43,298
7858,47,309
7859,51,340
7860,47,279
7861,45,257
7862,56,322
7863,53,188
7864,52,203
7865,45,195
7866,64,550
7867,44,261
7868,53,257
7869,54,428
7870,50,531
7871,46,206
7872,47,294
7873,47,280
7874,47,300
7875,51,202
7876,53,429
7877,47,216
7878,57,259
7879,57,265
7880,53,330
7881,59,259
7882,48,233
7883,50,211
7884,54,284
7885,49,308
7886,48,329
7887,49,312
7888,55,284
7889,56,269
7890,60,547
7891,56,378
7892,53,448
7893,60,331
7894,61,303
7895,61,306
7896,50,260
7897,57,312
7898,40,180
7899,48,217
7900,56,396
7901,43,195
7902,44,251
7903,55,289
7904,52,194
7905,46,234
7906,53,370
7907,50,570
7908,56,307
7909,50,227
7910,60,394
7911,57,284
7912,43,515
7913,55,475
7914,48,334
7915,49,245
7916,50,326
7917,51,524
7918,45,226
7919,61,332
7920,49,210
7921,47,190
7922,47,220
7923,55,315
7924,52,459
7925,54,247
7926,52,238
7927,58,293
7928,44,258
7929,50,310
7930,57,267
7931,46,339
7932,42,250
7933,49,222
7934,53,396
7935,44,284
7936,60,262
7937,51,291
7938,60,307
7939,47,260
7940,56,330
7941,58,515
7942,52,216
7943,53,388
7944,43,239
7945,52,250
7946,53,333
7947,44,174
7948,50,202
7949,53,423
7950,47,191
7951,50,244
7952,48,253
7953,43,353
7954,59,339
7955,49,288
7956,42,240
7957,54,373
7958,48,284
7959,52,276
7960,53,271
7961,50,325
7962,58,312
7963,46,179
7964,47,235
7965,51,264
7966,50,350
7967,59,277
7968,51,459
7969,49,214
7970,52,246
7971,50,250
7972,51,190
7973,48,200
7974,58,347
7975,56,313
7976,61,335
7977,52,213
7978,49,266
7979,59,274
7980,47,268
7981,47,158
7982,40,166
7983,58,225
7984,58,282
7985,51,246
7986,54,320
7987,48,194
7988,60,262
7989,42,236
7990,49,274
7991,66,451
7992,42,228
7993,53,287
7994,54,453
7995,48,253
7996,48,238
7997,43,269
7998,58,422
7999,40,238
8000,46,159
8001,42,139
8002,51,323
8003,41,160
8004,45,136
8005,42,262
8006,50,271
8007,50,233
8008,59,329
8009,51,177
8010,46,245
8011,51,209
8012,47,219
8013,50,279
8014,57,305
8015,52,268
8016,58,418
8017,47,342
8018,49,152
8019,46,306
8020,49,246
8021,48,167
8022,55,284
8023,50,336
8024,57,247
8025,50,307
8026,49,193
8027,49,496
8028,64,467
8029,55,304
8030,43,296
8031,56,219
8032,60,342
8033,50,220
8034,45,158
8035,52,383
8036,54,228
8037,50,256
8038,57,371
8039,56,308
8040,43,249
8041,53,212
8042,41,273
8043,55,320
8044,51,291
8045,45,260
8046,54,282
8047,53,393
8048,45,272
8049,44,221
8050,51,263
8051,58,287
8052,50,281
8053,62,317
8054,57,270
8055,52,268
8056,55,343
8057,39,187
8058,54,266
8059,47,274
8060,43,158
8061,52,184
8062,47,212
8063,55,581
8064,52,330
8065,50,651
8066,44,283
8067,66,330
8068,57,271
8069,57,354
8070,48,192
8071,47,364
8072,45,244
8073,52,278
8074,56,355
8075,52,362
8076,50,357
8077,36,200
8078,61,315
8079,54,262
8080,53,324
8081,44,251
8082,49,232
8083,49,197
8084,48,236
8085,60,270
8086,43,220
8087,51,251
8088,49,239
8089,43,238
8090,50,255
8091,51,279
8092,47,305
8093,53,255
8094,54,391
8095,51,283
8096,49,492
8097,53,215
8098,52,528
8099,46,265
8100,46,180
8101,61,353
8102,52,256
8103,47,214
8104,59,264
8105,58,215
8106,50,290
8107,56,219
8108,56,305
8109,47,236
8110,57,237
8111,56,437
8112,47,265
8113,51,396
8114,54,336
8115,45,214
8116,56,289
8117,54,308
8118,55,318
8119,49,239
8120,59,303
8121,40,297
8122,47,293
8123,41,301
8124,56,324
8125,55,423
8126,58,295
8127,52,165
8128,55,317
8129,60,353
8130,46,289
8131,54,243
8132,58,308
8133,47,308
8134,51,268
8135,58,248
8136,46,320
8137,50,242
8138,46,134
8139,42,260
8140,47,222
8141,51,255
8142,48,480
8143,48,233
8144,52,358
8145,59,282
8146,48,334
8147,58,252
8148,51,263
8149,59,303
8150,54,316
8151,52,223
8152,42,179
8153,47,310
8154,44,192
8155,47,337
8156,53,288
8157,62,293
8158,44,169
8159,58,342
8160,53,260
8161,54,283
8162,54,235
8163,52,351
8164,54,442
8165,54,209
8166,56,249
8167,46,296
8168,49,316
8169,47,296
8170,55,248
8171,57,391
8172,53,282
8173,50,249
8174,68,393
8175,51,339
8176,62,393
8177,60,349
8178,54,225
8179,45,243
8180,58,357
8181,47,254
8182,60,345
8183,55,224
8184,49,291
8185,46,164
8186,49,245
8187,55,324
8188,48,316
8189,46,203
8190,53,265
8191,48,240
8192,43,246
8193,48,336
8194,50,268
8195,53,217
8196,50,289
8197,49,241
8198,60,351
8199,57,291
8200,47,263
8201,57,305
8202,51,244
8203,60,350
8204,48,189
8205,41,163
8206,51,378
8207,52,235
8208,48,232
8209,43,200
8210,52,268
8211,43,303
8212,46,225
8213,51,353
8214,47,219
8215,54,315
8216,53,358
8217,60,346
8218,62,480
8219,53,315
8220,42,282
8221,48,200
8222,60,285
8223,59,269
8224,53,246
8225,45,194
8226,53,234
8227,51,471
8228,53,301
8229,53,233
8230,44,326
8231,45,151
8232,58,260
8233,59,225
8234,50,258
8235,50,224
8236,53,206
8237,53,284
8238,53,375
8239,48,382
8240,51,579
8241,51,279
8242,45,308
8243,58,272
8244,55,372
8245,48,289
8246,56,199
8247,56,421
8248,41,257
8249,52,307
8250,57,328
8251,56,318
8252,60,338
8253,52,307
8254,68,316
8255,47,231
8256,50,268
8257,50,255
8258,50,287
8259,40,191
8260,63,309
8261,49,305
8262,52,253
8263,52,191
8264,49,204
8265,58,344
8266,50,185
8267,55,354
8268,50,249
8269,55,348
8270,52,274
8271,43,232
8272,52,530
8273,51,367
8274,46,176
8275,50,296
8276,44,304
8277,51,295
8278,54,270
8279,51,240
8280,44,193
8281,46,246
8282,53,336
8283,47,224
8284,40,250
8285,56,361
8286,48,246
8287,51,354
8288,54,419
8289,50,196
8290,53,218
8291,49,299
8292,56,264
8293,44,204
8294,58,313
8295,51,210
8296,48,254
8297,55,323
8298,42,174
8299,52,249
8300,49,220
8301,46,348
8302,57,514
8303,46,247
8304,51,310
8305,52,223
8306,62,352
8307,38,343
8308,55,347
8309,43,256
8310,50,216
8311,48,217
8312,54,347
8313,38,186
8314,50,259
8315,45,239
8316,47,194
8317,51,296
8318,49,244
8319,50,373
8320,49,536
8321,46,195
8322,62,284
8323,51,319
8324,56,245
8325,60,241
8326,55,345
8327,51,270
8328,55,327
8329,51,227
8330,48,225
8331,50,197
8332,48,252
8333,57,226
8334,45,285
8335,46,311
8336,55,264
8337,58,222
8338,51,354
8339,36,219
8340,47,293
8341,56,275
8342,52,203
8343,58,445
8344,47,268
8345,60,526
8346,47,375
8347,42,211
8348,47,204
8349,55,271
8350,44,173
8351,53,415
8352,58,318
8353,52,312
8354,55,286
8355,50,302
8356,48,270
8357,48,305
8358,45,315
8359,66,462
8360,50,192
8361,54,274
8362,55,244
8363,51,302
8364,55,375
8365,59,313
8366,53,168
8367,50,290
8368,57,382
8369,47,232
8370,51,317
8371,53,224
8372,48,216
8373,51,455
8374,50,258
8375,44,297
8376,51,209
8377,59,296
8378,51,277
8379,45,234
8380,44,132
8381,53,269
8382,58,317
8383,58,227
8384,49,213
8385,53,341
8386,50,238
8387,59,274
8388,48,271
8389,55,303
8390,47,315
8391,48,202
8392,48,178
8393,57,327
8394,45,315
8395,57,236
8396,58,351
8397,49,261
8398,55,266
8399,54,378
8400,47,306
8401,48,266
8402,54,252
8403,60,533
8404,46,226
8405,48,303
8406,50,487
8407,54,440
8408,58,326
8409,43,328
8410,48,224
8411,49,347
8412,46,394
8413,53,294
8414,56,354
8415,57,395
8416,49,395
8417,47,246
8418,56,278
8419,46,157
8420,59,283
8421,50,301
8422,60,351
8423,52,260
8424,61,382
8425,50,267
8426,49,642
8427,54,227
8428,55,287
8429,54,293
8430,57,264
8431,55,275
8432,59,285
8433,47,324
8434,51,211
8435,54,280
8436,58,254
8437,55,279
8438,60,199
8439,55,347
8440,43,407
8441,55,187
8442,51,283
8443,46,298
8444,56,320
8445,50,268
8446,45,251
8447,52,374
8448,50,204
8449,43,288
8450,43,332
8451,57,304
8452,45,305
8453,52,331
8454,43,186
8455,46,346
8456,58,228
8457,51,327
8458,47,268
8459,58,383
8460,54,597
8461,53,432
8462,53,377
8463,52,202
8464,48,239
8465,55,425
8466,54,292
8467,41,237
8468,39,248
8469,48,203
8470,55,293
8471,49,265
8472,58,267
8473,50,344
8474,51,251
8475,49,289
8476,49,193
8477,52,486
8478,47,334
8479,51,228
8480,50,348
8481,60,391
8482,41,218
8483,49,245
8484,46,254
8485,52,293
8486,46,388
8487,46,217
8488,42,197
8489,51,278
8490,53,252
8491,58,268
8492,52,245
8493,53,279
8494,42,370
8495,43,280
8496,53,301
8497,54,261
8498,57,375
8499,54,238
8500,53,253
8501,46,246
8502,45,271
8503,47,416
8504,54,297
8505,59,390
8506,48,234
8507,40,179
8508,41,222
8509,49,322
8510,57,366
8511,47,324
8512,53,237
8513,47,253
8514,56,300
8515,63,317
8516,46,181
8517,40,172
8518,53,422
8519,57,446
8520,43,408
8521,54,253
8522,52,454
8523,58,387
8524,50,302
8525,49,233
8526,53,325
8527,58,371
8528,44,291
8529,53,391
8530,49,389
8531,53,243
8532,52,542
8533,45,240
8534,47,193
8535,58,353
8536,52,334
8537,49,250
8538,50,305
8539,49,375
8540,38,236
8541,46,370
8542,52,320
8543,51,209
8544,48,261
8545,49,229
8546,55,422
8547,59,281
8548,52,313
8549,49,238
8550,50,244
8551,59,335
8552,62,351
8553,50,275
8554,60,276
8555,57,258
8556,51,284
8557,60,308
8558,53,227
8559,58,306
8560,44,251
8561,45,221
8562,51,308
8563,49,296
8564,54,426
8565,49,288
8566,50,453
8567,51,294
8568,54,302
8569,40,225
8570,55,316
8571,49,413
8572,54,286
8573,50,391
8574,53,410
8575,42,275
8576,65,458
8577,53,229
8578,57,295
8579,44,220
8580,58,331
8581,48,288
8582,43,363
8583,54,398
8584,45,216
8585,58,192
8586,55,280
8587,51,236
8588,56,255
8589,44,283
8590,53,429
8591,58,201
8592,46,338
8593,47,192
8594,43,246
8595,49,254
8596,49,190
8597,46,214
8598,61,534
8599,40,200
8600,42,190
8601,47,221
8602,47,227
8603,57,430
8604,51,253
8605,40,155
8606,57,304
8607,46,301
8608,51,277
8609,45,201
8610,43,198
8611,56,261
8612,48,216
8613,46,209
8614,62,334
8615,54,676
8616,56,384
8617,50,320
8618,57,248
8619,47,228
8620,52,288
8621,48,259
8622,50,303
8623,47,222
8624,61,292
8625,48,513
8626,58,313
8627,60,292
8628,50,210
8629,54,241
8630,57,329
8631,43,234
8632,56,215
8633,47,194
8634,53,337
8635,50,394
8636,55,332
8637,50,292
8638,46,419
8639,50,265
8640,52,212
8641,50,199
8642,50,446
8643,47,291
8644,51,244
8645,55,259
8646,46,218
8647,50,341
8648,53,342
8649,42,199
8650,58,218
8651,55,308
8652,50,170
8653,41,213
8654,54,346
8655,49,349
8656,50,293
8657,59,254
8658,58,319
8659,46,350
8660,51,163
8661,54,353
8662,46,180
8663,51,261
8664,54,241
8665,61,320
8666,51,231
8667,48,364
8668,44,237
8669,59,422
8670,49,251
8671,54,294
8672,50,245
8673,53,252
8674,61,388
8675,54,282
8676,47,303
8677,56,373
8678,47,206
8679,62,294
8680,53,282
8681,53,303
8682,49,225
8683,50,352
8684,49,246
8685,47,230
8686,50,355
8687,45,284
8688,53,236
8689,53,237
8690,54,407
8691,51,283
8692,60,250
8693,47,213
8694,47,198
8695,54,304
8696,48,286
8697,37,198
8698,50,227
8699,58,517
8700,48,235
8701,52,266
8702,47,285
8703,55,292
8704,53,303
8705,45,195
8706,54,297
8707,45,230
8708,46,145
8709,52,271
8710,53,284
8711,52,366
8712,59,339
8713,50,249
8714,50,224
8715,40,213
8716,46,271
8717,44,312
8718,54,300
8719,61,412
8720,49,205
8721,51,297
8722,40,269
8723,55,232
8724,45,227
8725,57,220
8726,55,291
8727,57,349
8728,48,197
8729,46,234
8730,48,299
8731,54,401
8732,60,332
8733,45,224
8734,52,278
8735,48,287
8736,52,278
8737,41,194
8738,42,305
8739,50,326
8740,44,232
8741,56,292
8742,48,389
8743,55,239
8744,46,243
8745,52,303
8746,52,209
8747,47,266
8748,51,206
8749,59,393
8750,54,195
8751,45,321
8752,50,221
8753,44,279
8754,47,230
8755,47,186
8756,55,206
8757,43,157
8758,51,284
8759,51,192
8760,60,340
8761,46,313
8762,52,284
8763,49,231
8764,49,226
8765,42,237
8766,38,183
8767,56,275
8768,55,320
8769,44,509
8770,44,263
8771,49,418
8772,54,200
8773,54,304
8774,54,329
8775,56,234
8776,47,245
8777,50,271
8778,54,224
8779,41,165
8780,48,209
8781,48,302
8782,51,312
8783,53,335
8784,46,225
8785,52,399
8786,55,345
8787,52,247
8788,47,218
8789,59,258
8790,50,252
8791,51,245
8792,46,391
8793,53,286
8794,54,228
8795,47,294
8796,52,463
8797,44,319
8798,51,231
8799,59,293
8800,52,242
8801,50,261
8802,52,287
8803,58,309
8804,50,183
8805,43,343
8806,50,299
8807,51,304
8808,57,490
8809,49,341
8810,52,287
8811,51,326
8812,47,322
8813,45,252
8814,49,245
8815,48,289
8816,45,526
8817,49,251
8818,53,245
8819,47,315
8820,51,165
8821,43,235
8822,49,216
8823,46,281
8824,41,152
8825,49,207
8826,53,262
8827,53,272
8828,60,340
8829,57,267
8830,49,223
8831,48,264
8832,48,242
8833,53,220
8834,47,214
8835,47,263
8836,48,290
8837,54,232
8838,61,359
8839,60,236
8840,58,318
8841,62,213
8842,49,193
8843,50,257
8844,45,286
8845,50,322
8846,55,327
8847,48,253
8848,44,283
8849,46,225
8850,57,283
8851,55,298
8852,50,241
8853,52,259
8854,49,157
8855,53,224
8856,51,342
8857,44,242
8858,50,254
8859,59,237
8860,53,425
8861,53,381
8862,54,447
8863,56,254
8864,49,359
8865,47,264
8866,63,324
8867,46,275
8868,59,358
8869,50,212
8870,53,299
8871,48,233
8872,54,239
8873,51,250
8874,50,271
8875,48,182
8876,43,184
8877,49,271
8878,42,326
8879,56,375
8880,50,217
8881,61,239
8882,56,238
8883,35,243
8884,45,171
8885,51,254
8886,47,258
8887,59,355
8888,49,254
8889,54,240
8890,59,317
8891,47,211
8892,47,295
8893,55,259
8894,50,354
8895,54,266
8896,62,306
8897,45,315
8898,50,239
8899,49,255
8900,45,275
8901,53,277
8902,44,133
8903,52,248
8904,47,175
8905,47,246
8906,49,259
8907,52,255
8908,50,207
8909,55,284
8910,48,266
8911,49,298
8912,46,436
8913,49,247
8914,47,162
8915,47,309
8916,63,292
8917,43,243
8918,45,174
8919,62,357
8920,59,261
8921,51,195
8922,56,245
8923,45,222
8924,43,240
8925,50,222
8926,52,315
8927,53,223
8928,55,361
8929,55,369
8930,46,307
8931,50,229
8932,50,337
8933,41,253
8934,46,216
8935,58,609
8936,42,207
8937,49,214
8938,57,255
8939,56,252
8940,54,261
8941,60,291
8942,51,427
8943,48,431
8944,45,225
8945,53,238
8946,62,305
8947,46,303
8948,49,270
8949,52,296
8950,55,263
8951,46,406
8952,56,476
8953,62,313
8954,56,329
8955,43,219
8956,59,554
8957,49,244
8958,54,323
8959,53,399
8960,52,189
8961,47,269
8962,45,304
8963,59,299
8964,58,352
8965,47,252
8966,57,380
8967,51,198
8968,53,210
8969,52,344
8970,59,229
8971,57,305
8972,54,252
8973,51,433
8974,49,229
8975,50,301
8976,42,306
8977,57,382
8978,46,219
8979,34,129
8980,52,536
8981,54,436
8982,50,273
8983,53,224
8984,58,333
8985,64,327
8986,54,284
8987,53,318
8988,49,302
8989,48,176
8990,55,239
8991,36,160
8992,52,253
8993,49,291
8994,49,231
8995,51,287
8996,48,342
8997,47,250
8998,45,199
8999,49,287
9000,45,368
9001,56,241
9002,55,397
9003,54,272
9004,51,285
9005,44,200
9006,42,240
9007,60,287
9008,46,187
9009,49,238
9010,53,326
9011,53,273
9012,57,290
9013,58,238
9014,59,246
9015,58,300
9016,54,295
9017,49,294
9018,56,414
9019,49,439
9020,46,231
9021,63,498
9022,51,251
9023,46,261
9024,48,172
9025,59,350
9026,45,238
9027,53,268
9028,60,344
9029,46,206
9030,52,231
9031,54,294
9032,56,276
9033,59,313
9034,55,249
9035,46,246
9036,48,213
9037,53,322
9038,62,285
9039,38,203
9040,54,293
9041,46,403
9042,48,243
9043,51,249
9044,47,344
9045,47,313
9046,44,223
9047,47,190
9048,42,402
9049,54,334
9050,56,459
9051,51,313
9052,44,153
9053,49,212
9054,54,278
9055,46,233
9056,46,291
9057,46,312
9058,46,190
9059,52,247
9060,56,251
9061,55,323
9062,56,311
9063,48,208
9064,43,276
9065,46,260
9066,54,265
9067,57,219
9068,53,208
9069,51,310
9070,52,312
9071,46,193
9072,44,224
9073,48,337
9074,53,260
9075,46,219
9076,62,283
9077,64,286
9078,58,266
9079,42,141
9080,63,261
9081,44,200
9082,58,421
9083,40,270
9084,48,186
9085,63,254
9086,46,179
9087,54,190
9088,39,240
9089,49,254
9090,53,284
9091,60,266
9092,61,260
9093,59,344
9094,52,318
9095,58,445
9096,44,168
9097,52,279
9098,46,333
9099,48,266
9100,54,273
9101,49,347
9102,42,201
9103,59,346
9104,52,257
9105,47,206
9106,43,430
9107,53,284
9108,45,353
9109,49,193
9110,59,348
9111,51,259
9112,41,256
9113,39,201
9114,49,270
9115,51,246
9116,44,238
9117,47,233
9118,52,184
9119,46,335
9120,58,298
9121,49,449
9122,47,200
9123,52,220
9124,55,403
9125,55,540
9126,52,437
9127,51,313
9128,60,313
9129,42,281
9130,58,220
9131,55,281
9132,45,293
9133,44,389
9134,51,244
9135,48,298
9136,55,266
9137,52,386
9138,40,176
9139,52,257
9140,56,277
9141,46,276
9142,41,215
9143,41,172
9144,55,409
9145,45,343
9146,48,426
9147,51,164
9148,50,278
9149,50,275
9150,56,256
9151,51,277
9152,49,276
9153,52,387
9154,42,212
9155,50,367
9156,51,215
9157,47,182
9158,48,243
9159,52,282
9160,58,222
9161,49,318
9162,52,406
9163,52,328
9164,52,322
9165,44,189
9166,55,311
9167,43,311
9168,46,295
9169,57,298
9170,62,325
9171,42,182
9172,50,282
9173,54,220
9174,41,277
9175,43,196
9176,59,225
9177,42,238
9178,46,249
9179,43,183
9180,49,222
9181,55,262
9182,56,398
9183,50,180
9184,50,194
9185,51,341
9186,58,452
9187,67,502
9188,45,239
9189,49,275
9190,54,212
9191,47,248
9192,47,322
9193,51,305
9194,56,208
9195,49,192
9196,52,212
9197,52,218
9198,56,536
9199,40,168
9200,52,298
9201,43,211
9202,42,285
9203,52,272
9204,59,347
9205,42,334
9206,49,251
9207,51,204
9208,50,291
9209,55,384
9210,50,268
9211,44,210
9212,50,457
9213,47,276
9214,55,387
9215,55,238
9216,42,161
9217,53,234
9218,52,270
9219,40,151
9220,51,256
9221,50,203
9222,53,224
9223,48,287
9224,59,445
9225,52,243
9226,44,275
9227,51,276
9228,57,247
9229,44,242
9230,61,322
9231,43,162
9232,54,284
9233,38,143
9234,54,228
9235,45,251
9236,51,226
9237,49,271
9238,47,369
9239,46,274
9240,50,250
9241,51,247
9242,54,311
9243,50,293
9244,53,337
9245,50,184
9246,53,206
9247,50,340
9248,55,341
9249,52,220
9250,47,199
9251,48,211
9252,48,289
9253,46,261
9254,55,301
9255,55,311
9256,50,381
9257,50,284
9258,57,232
9259,50,255
9260,51,266
9261,45,233
9262,51,208
9263,53,310
9264,53,279
9265,54,297
9266,54,338
9267,51,307
9268,51,268
9269,55,211
9270,49,336
9271,50,352
9272,60,237
9273,50,150
9274,48,278
9275,55,471
9276,48,250
9277,55,286
9278,49,432
9279,54,292
9280,47,212
9281,49,373
9282,38,192
9283,53,227
9284,47,215
9285,48,438
9286,48,189
9287,53,384
9288,54,539
9289,47,264
9290,44,218
9291,43,259
9292,49,231
9293,52,423
9294,63,277
9295,62,326
9296,61,406
9297,52,345
9298,41,225
9299,55,292
9300,51,229
9301,59,259
9302,46,660
9303,53,227
9304,45,270
9305,50,239
9306,43,209
9307,56,356
9308,47,231
9309,47,192
9310,53,282
9311,52,237
9312,47,208
9313,44,254
9314,48,248
9315,41,298
9316,56,340
9317,55,246
9318,48,240
9319,43,204
9320,51,442
9321,38,169
9322,51,211
9323,50,420
9324,57,227
9325,41,208
9326,51,231
9327,52,255
9328,59,359
9329,59,267
9330,45,197
9331,47,239
9332,59,342
9333,41,265
9334,50,357
9335,54,360
9336,46,238
9337,50,301
9338,51,250
9339,55,334
9340,42,239
9341,50,271
9342,56,347
9343,53,253
9344,39,122
9345,57,341
9346,50,204
9347,54,284
9348,57,361
9349,47,281
9350,53,247
9351,51,251
9352,43,150
9353,47,174
9354,39,258
9355,45,191
9356,44,227
9357,53,260
9358,57,273
9359,48,209
9360,46,195
9361,46,324
9362,38,151
9363,47,244
9364,51,279
9365,54,353
9366,53,294
9367,42,246
9368,54,264
9369,44,225
9370,48,236
9371,52,285
9372,46,357
9373,64,483
9374,53,263
9375,43,455
9376,48,208
9377,51,290
9378,38,198
9379,55,184
9380,53,369
9381,51,207
9382,53,269
9383,49,413
9384,47,222
9385,52,172
9386,56,291
9387,54,287
9388,49,456
9389,45,160
9390,47,238
9391,52,356
9392,54,250
9393,46,219
9394,57,353
9395,46,289
9396,54,253
9397,48,268
9398,54,299
9399,46,323
9400,55,346
9401,63,253
9402,62,367
9403,39,155
9404,49,219
9405,49,362
9406,53,248
9407,51,324
9408,44,315
9409,52,500
9410,46,171
9411,48,251
9412,43,284
9413,52,266
9414,52,229
9415,52,304
9416,50,364
9417,60,243
9418,61,268
9419,57,402
9420,49,242
9421,55,308
9422,57,307
9423,64,538
9424,61,237
9425,52,380
9426,57,247
9427,47,232
9428,57,209
9429,50,304
9430,50,238
9431,58,380
9432,50,304
9433,49,239
9434,51,605
9435,48,190
9436,42,364
9437,50,285
9438,56,278
9439,55,405
9440,59,203
9441,51,257
9442,52,381
9443,54,524
9444,55,337
9445,41,196
9446,50,290
9447,56,317
9448,45,302
9449,55,224
9450,51,289
9451,48,220
9452,45,205
9453,48,212
9454,51,239
9455,58,349
9456,49,203
9457,57,263
9458,54,222
9459,50,318
9460,40,187
9461,60,336
9462,52,272
9463,49,239
9464,43,231
9465,45,167
9466,53,302
9467,50,255
9468,44,273
9469,51,215
9470,53,299
9471,49,174
9472,58,280
9473,56,218
9474,48,225
9475,54,246
9476,56,307
9477,51,243
9478,47,217
9479,46,239
9480,48,308
9481,48,229
9482,50,368
9483,48,215
9484,47,166
9485,54,248
9486,55,274
9487,51,297
9488,54,198
9489,47,217
9490,53,401
9491,61,324
9492,51,182
9493,54,324
9494,47,225
9495,49,256
9496,54,369
9497,52,294
9498,54,253
9499,50,301
9500,51,265
9501,48,225
9502,54,307
9503,49,242
9504,47,242
9505,52,252
9506,62,496
9507,50,281
9508,46,229
9509,45,359
9510,44,353
9511,57,401
9512,54,286
9513,55,620
9514,47,213
9515,48,219
9516,45,350
9517,42,264
9518,58,352
9519,51,287
9520,42,130
9521,52,351
9522,44,161
9523,42,154
9524,49,218
9525,52,215
9526,44,213
9527,40,202
9528,58,291
9529,54,464
9530,56,281
9531,49,196
9532,53,227
9533,51,320
9534,45,247
9535,58,208
9536,44,260
9537,43,231
9538,51,322
9539,53,336
9540,49,253
9541,54,234
9542,50,305
9543,47,270
9544,57,335
9545,58,311
9546,58,196
9547,53,338
9548,53,211
9549,37,198
9550,48,190
9551,53,243
9552,60,478
9553,61,333
9554,44,287
9555,59,253
9556,51,324
9557,48,217
9558,46,214
9559,54,274
9560,51,206
9561,53,269
9562,52,272
9563,45,255
9564,46,285
9565,47,329
9566,59,427
9567,55,296
9568,44,373
9569,60,318
9570,56,281
9571,53,200
9572,54,253
9573,45,200
9574,52,221
9575,53,292
9576,49,406
9577,40,225
9578,49,262
9579,51,333
9580,50,284
9581,53,253
9582,43,185
9583,54,276
9584,53,350
9585,44,209
9586,55,233
9587,47,183
9588,59,251
9589,51,260
9590,52,277
9591,56,278
9592,62,372
9593,44,319
9594,45,168
9595,55,239
9596,50,169
9597,58,379
9598,54,161
9599,49,242
9600,46,438
9601,52,269
9602,50,188
9603,54,286
9604,55,345
9605,70,364
9606,51,262
9607,41,211
9608,46,229
9609,52,251
9610,49,301
9611,52,317
9612,56,368
9613,41,209
9614,43,222
9615,50,378
9616,54,182
9617,49,356
9618,56,257
9619,51,333
9620,53,223
9621,53,428
9622,51,349
9623,51,477
9624,46,245
9625,52,353
9626,46,216
9627,47,190
9628,52,343
9629,53,355
9630,47,256
9631,56,354
9632,52,300
9633,59,319
9634,49,223
9635,54,265
9636,48,231
9637,53,328
9638,53,226
9639,44,215
9640,45,215
9641,53,184
9642,50,239
9643,50,390
9644,56,266
9645,52,229
9646,54,340
9647,49,331
9648,59,247
9649,45,207
9650,47,227
9651,53,287
9652,47,198
9653,53,176
9654,46,1025
9655,46,399
9656,45,228
9657,51,204
9658,47,209
9659,49,208
9660,47,256
9661,52,310
9662,63,263
9663,55,269
9664,54,293
9665,53,343
9666,51,216
9667,51,250
9668,49,379
9669,47,187
9670,51,251
9671,49,229
9672,48,207
9673,55,329
9674,56,363
9675,50,190
9676,54,441
9677,46,276
9678,44,215
9679,49,259
9680,53,278
9681,45,226
9682,40,322
9683,45,209
9684,52,263
9685,58,295
9686,51,246
9687,51,264
9688,60,600
9689,51,290
9690,46,260
9691,48,279
9692,48,380
9693,53,196
9694,49,380
9695,57,338
9696,54,281
9697,41,436
9698,52,303
9699,49,515
9700,38,361
9701,47,205
9702,52,336
9703,54,394
9704,50,214
9705,48,249
9706,48,249
9707,41,147
9708,48,236
9709,47,243
9710,53,257
9711,51,251
9712,50,271
9713,49,279
9714,52,341
9715,47,239
9716,46,211
9717,43,226
9718,58,380
9719,55,217
9720,42,215
9721,52,250
9722,54,301
9723,51,288
9724,48,277
9725,54,501
9726,49,292
9727,45,322
9728,54,206
9729,49,301
9730,53,249
9731,57,265
9732,45,252
9733,56,358
9734,54,279
9735,54,253
9736,53,292
9737,47,413
9738,50,474
9739,58,270
9740,56,307
9741,44,190
9742,39,427
9743,53,266
9744,40,221
9745,51,307
9746,57,313
9747,58,558
9748,49,309
9749,55,318
9750,52,311
9751,53,279
9752,48,260
9753,53,257
9754,66,352
9755,53,205
9756,54,211
9757,55,407
9758,52,262
9759,53,194
9760,52,214
9761,50,282
9762,46,230
9763,41,194
9764,52,299
9765,51,242
9766,46,229
9767,57,279
9768,64,567
9769,45,186
9770,54,241
9771,43,254
9772,56,200
9773,50,322
9774,41,177
9775,62,360
9776,53,215
9777,50,268
9778,63,282
9779,44,225
9780,51,310
9781,48,218
9782,55,262
9783,46,177
9784,50,296
9785,51,270
9786,56,321
9787,51,285
9788,46,245
9789,43,250
9790,55,274
9791,48,230
9792,44,314
9793,35,158
9794,53,247
9795,45,160
9796,56,268
9797,50,190
9798,50,225
9799,49,263
9800,56,276
9801,59,242
9802,51,314
9803,45,193
9804,48,202
9805,50,308
9806,53,271
9807,54,275
9808,67,318
9809,37,346
9810,61,294
9811,45,247
9812,44,160
9813,51,350
9814,51,266
9815,56,353
9816,49,310
9817,54,389
9818,54,210
9819,61,299
9820,53,353
9821,40,200
9822,48,260
9823,44,236
9824,53,311
9825,49,465
9826,57,331
9827,49,409
9828,59,300
9829,58,349
9830,46,209
9831,54,289
9832,51,252
9833,49,244
9834,49,226
9835,50,297
9836,53,358
9837,54,332
9838,57,410
9839,55,314
9840,53,399
9841,46,225
9842,50,259
9843,54,263
9844,50,317
9845,51,397
9846,44,208
9847,50,311
9848,49,377
9849,51,246
9850,53,264
9851,59,311
9852,50,317
9853,53,211
9854,55,345
9855,55,214
9856,45,349
9857,53,280
9858,47,165
9859,51,223
9860,46,210
9861,54,261
9862,73,368
9863,54,229
9864,53,321
9865,54,468
9866,58,293
9867,47,151
9868,68,355
9869,49,266
9870,56,260
9871,53,296
9872,50,311
9873,47,143
9874,65,611
9875,52,225
9876,42,247
9877,52,284
9878,53,276
9879,56,270
9880,37,154
9881,56,315
9882,53,294
9883,60,292
9884,49,186
9885,46,288
9886,65,345
9887,55,287
9888,49,192
9889,57,335
9890,59,387
9891,49,313
9892,58,273
9893,54,273
9894,54,256
9895,45,210
9896,51,288
9897,59,343
9898,53,268
9899,47,166
9900,60,444
9901,43,211
9902,55,293
9903,38,151
9904,62,340
9905,54,321
9906,52,295
9907,52,202
9908,46,227
9909,43,183
9910,49,381
9911,56,263
9912,48,264
9913,47,224
9914,55,275
9915,48,255
9916,49,221
9917,53,262
9918,64,289
9919,52,250
9920,46,331
9921,52,587
9922,52,389
9923,50,266
9924,54,237
9925,44,207
9926,55,269
9927,45,247
9928,49,348
9929,49,299
9930,53,388
9931,47,301
9932,42,226
9933,43,187
9934,47,263
9935,45,369
9936,51,244
9937,52,274
9938,43,456
9939,46,201
9940,44,244
9941,54,262
9942,54,360
9943,48,353
9944,56,272
9945,63,433
9946,49,283
9947,52,271
9948,61,264
9949,55,241
9950,42,314
9951,53,243
9952,54,226
9953,55,245
9954,49,264
9955,59,268
9956,51,232
9957,46,435
9958,48,301
9959,55,288
9960,48,324
9961,50,188
9962,54,305
9963,62,451
9964,46,341
9965,58,285
9966,53,204
9967,55,312
9968,54,300
9969,49,363
9970,51,390
9971,53,268
9972,57,439
9973,50,422
9974,47,237
9975,50,317
9976,48,279
9977,57,238
9978,61,532
9979,58,264
9980,47,223
9981,51,250
9982,51,235
9983,55,355
9984,46,230
9985,56,327
9986,48,282
9987,50,275
9988,48,297
9989,54,185
9990,51,452
9991,49,247
9992,47,206
9993,50,211
9994,54,221
9995,57,285
9996,56,253
9997,46,364
9998,55,374
9999,50,258
10000,51,240
